-- Thêm Thương Hiệu Mới (Bắt đầu từ th6)
INSERT IGNORE INTO thuong_hieu (id, ma_thuong_hieu, ten_thuong_hieu, trang_thai, xoa_mem, ngay_tao) VALUES
('th6', 'TH006', 'Bitis', 0, 0, 1711814500000),
('th7', 'TH007', 'Vans', 0, 0, 1711814500000),
('th8', 'TH008', 'Asics', 0, 0, 1711814500000),
('th9', 'TH009', 'Puma', 0, 0, 1711814500000),
('th10', 'TH010', 'Reebok', 0, 0, 1711814500000);

-- Thêm Sản Phẩm Mới (Bắt đầu từ sp6)
INSERT IGNORE INTO san_pham (id, id_thuong_hieu, id_danh_muc, id_xuat_xu, id_muc_dich_chay, id_chat_lieu, id_de_giay, id_co_giay, ma_san_pham, ten_san_pham, gioi_tinh_khach_hang, hinh_anh, mo_ta_ngan, mo_ta_chi_tiet, trang_thai, xoa_mem, ngay_tao) VALUES
('sp6', 'th6', 'dm4', 'xx1', 'md3', 'cl3', 'dg1', 'cg1', 'SP006', 'Bitis Hunter Street', 'UNISEX', 'sp6.jpg', 'Dòng giày thể thao đường phố của Bitis.', 'Mô tả chi tiết giày Bitis Hunter', 0, 0, 1711814600000),
('sp7', 'th7', 'dm4', 'xx2', 'md3', 'cl3', 'dg1', 'cg1', 'SP007', 'Vans Old Skool', 'UNISEX', 'sp7.jpg', 'Huyền thoại Vans trượt ván.', 'Mô tả chi tiết giày Vans Old Skool', 0, 0, 1711814600000),
('sp8', 'th8', 'dm1', 'xx3', 'md1', 'cl2', 'dg5', 'cg1', 'SP008', 'Asics Gel-Kayano 30', 'NAM', 'sp8.jpg', 'Giày chạy bộ đường dài chuyên nghiệp.', 'Mô tả chi tiết giày Asics Gel', 0, 0, 1711814600000),
('sp9', 'th1', 'dm1', 'xx1', 'md1', 'cl2', 'dg1', 'cg1', 'SP009', 'Nike Zoom Fly 5', 'NAM', 'sp9.jpg', 'Giày chạy bộ tốc độ.', 'Mô tả chi tiết', 0, 0, 1711814600000),
('sp10', 'th2', 'dm2', 'xx2', 'md3', 'cl1', 'dg3', 'cg2', 'SP010', 'Adidas NMD R1', 'UNISEX', 'sp10.jpg', 'Phong cách thời trang đường phố.', 'Mô tả chi tiết', 0, 0, 1711814600000),
('sp11', 'th9', 'dm1', 'xx1', 'md2', 'cl2', 'dg5', 'cg1', 'SP011', 'Puma Deviate Nitro', 'NAM', 'sp11.jpg', 'Đệm Nitro cực êm.', 'Mô tả chi tiết', 0, 0, 1711814600000),
('sp12', 'th10', 'dm2', 'xx3', 'md3', 'cl5', 'dg1', 'cg1', 'SP012', 'Reebok Classic Leather', 'UNISEX', 'sp12.jpg', 'Cổ điển và bền bỉ.', 'Mô tả chi tiết', 0, 0, 1711814600000),
('sp13', 'th3', 'dm1', 'xx2', 'md1', 'cl2', 'dg3', 'cg1', 'SP013', 'Puma Velocity Nitro 2', 'NU', 'sp13.jpg', 'Giày chạy đa năng cho nữ.', 'Mô tả chi tiết', 0, 0, 1711814600000),
('sp14', 'th4', 'dm4', 'xx1', 'md3', 'cl1', 'dg4', 'cg2', 'SP014', 'NB 550 White Blue', 'UNISEX', 'sp14.jpg', 'Mẫu sneaker hot nhất hiện nay.', 'Mô tả chi tiết', 0, 0, 1711814600000),
('sp15', 'th5', 'dm4', 'xx2', 'md3', 'cl3', 'dg1', 'cg3', 'SP015', 'Converse Chuck 70 High', 'UNISEX', 'sp15.jpg', 'Chuck 70 cao cổ thời thượng.', 'Mô tả chi tiết', 0, 0, 1711814600000),
('sp16', 'th1', 'dm1', 'xx3', 'md1', 'cl2', 'dg5', 'cg1', 'SP016', 'Nike Vaporfly Next% 3', 'NAM', 'sp16.jpg', 'Siêu giày đua marathon.', 'Mô tả chi tiết', 0, 0, 1711814600000),
('sp17', 'th2', 'dm2', 'xx1', 'md3', 'cl5', 'dg1', 'cg1', 'SP017', 'Adidas Forum Low', 'UNISEX', 'sp17.jpg', 'Phong cách bóng rổ retro.', 'Mô tả chi tiết', 0, 0, 1711814600000),
('sp18', 'th3', 'dm1', 'xx2', 'md1', 'cl2', 'dg2', 'cg1', 'SP018', 'Puma Liberate Nitro', 'NAM', 'sp18.jpg', 'Siêu nhẹ cho các buổi tập nhanh.', 'Mô tả chi tiết', 0, 0, 1711814600000),
('sp19', 'th4', 'dm4', 'xx3', 'md3', 'cl1', 'dg1', 'cg2', 'SP019', 'NB 2002R Protection Pack', 'UNISEX', 'sp19.jpg', 'Thiết kế phá cách độc đáo.', 'Mô tả chi tiết', 0, 0, 1711814600000),
('sp20', 'th6', 'dm4', 'xx1', 'md1', 'cl2', 'dg3', 'cg1', 'SP020', 'Bitis Hunter X Dune', 'NAM', 'sp20.jpg', 'Dòng X mạnh mẽ bền bỉ.', 'Mô tả chi tiết', 0, 0, 1711814600000),
('sp21', 'th7', 'dm4', 'xx2', 'md3', 'cl3', 'dg1', 'cg1', 'SP021', 'Vans Slip-On Checkerboard', 'UNISEX', 'sp21.jpg', 'Họa tiết caro kinh điển.', 'Mô tả chi tiết', 0, 0, 1711814600000),
('sp22', 'th8', 'dm1', 'xx1', 'md1', 'cl2', 'dg1', 'cg1', 'SP022', 'Asics Novablast 4', 'NAM', 'sp22.jpg', 'Độ nảy cực tốt.', 'Mô tả chi tiết', 0, 0, 1711814600000),
('sp23', 'th1', 'dm3', 'xx2', 'md2', 'cl5', 'dg2', 'cg2', 'SP023', 'Nike Mercurial Vapor 15', 'NAM', 'sp23.jpg', 'Giày bóng đá tốc độ.', 'Mô tả chi tiết', 0, 0, 1711814600000),
('sp24', 'th2', 'dm3', 'xx1', 'md2', 'cl1', 'dg4', 'cg2', 'SP024', 'Adidas Predator Accuracy', 'NAM', 'sp24.jpg', 'Kiểm soát bóng tối ưu.', 'Mô tả chi tiết', 0, 0, 1711814600000),
('sp25', 'th9', 'dm4', 'xx3', 'md3', 'cl3', 'dg1', 'cg1', 'SP025', 'Puma Suede Classic', 'UNISEX', 'sp25.jpg', 'Vải da lộn sang trọng.', 'Mô tả chi tiết', 0, 0, 1711814600000);

-- Thêm Chi Tiết Sản Phẩm (250 biến thể - 10 bản ghi cho mỗi sản phẩm từ sp1 đến sp25)
INSERT IGNORE INTO chi_tiet_san_pham (id, id_san_pham, id_kich_thuoc, id_mau_sac, ma_chi_tiet_san_pham, so_luong, gia_nhap, gia_ban, trang_thai, xoa_mem, ngay_tao) VALUES
-- Sản phẩm sp1
('ct_sp1_1', 'sp1', 'kt1', 'ms1', 'CT0001', 50, 1000000, 1500000, 0, 0, 1711814700000),
('ct_sp1_2', 'sp1', 'kt2', 'ms2', 'CT0002', 50, 1000000, 1500000, 0, 0, 1711814700001),
('ct_sp1_3', 'sp1', 'kt3', 'ms2', 'CT0003', 50, 1000000, 1500000, 0, 0, 1711814700002),
('ct_sp1_4', 'sp1', 'kt4', 'ms2', 'CT0004', 50, 1000000, 1500000, 0, 0, 1711814700003),
('ct_sp1_5', 'sp1', 'kt5', 'ms3', 'CT0005', 50, 1000000, 1500000, 0, 0, 1711814700004),
('ct_sp1_6', 'sp1', 'kt1', 'ms3', 'CT0006', 50, 1000000, 1500000, 0, 0, 1711814700005),
('ct_sp1_7', 'sp1', 'kt2', 'ms4', 'CT0007', 50, 1000000, 1500000, 0, 0, 1711814700006),
('ct_sp1_8', 'sp1', 'kt3', 'ms4', 'CT0008', 50, 1000000, 1500000, 0, 0, 1711814700007),
('ct_sp1_9', 'sp1', 'kt4', 'ms5', 'CT0009', 50, 1000000, 1500000, 0, 0, 1711814700008),
('ct_sp1_10', 'sp1', 'kt5', 'ms5', 'CT0010', 50, 1000000, 1500000, 0, 0, 1711814700009),
-- Sản phẩm sp2
('ct_sp2_1', 'sp2', 'kt1', 'ms1', 'CT0011', 40, 1200000, 1800000, 0, 0, 1711814700010),
('ct_sp2_2', 'sp2', 'kt2', 'ms1', 'CT0012', 40, 1200000, 1800000, 0, 0, 1711814700011),
('ct_sp2_3', 'sp2', 'kt3', 'ms2', 'CT0013', 40, 1200000, 1800000, 0, 0, 1711814700012),
('ct_sp2_4', 'sp2', 'kt4', 'ms2', 'CT0014', 40, 1200000, 1800000, 0, 0, 1711814700013),
('ct_sp2_5', 'sp2', 'kt5', 'ms3', 'CT0015', 40, 1200000, 1800000, 0, 0, 1711814700014),
('ct_sp2_6', 'sp2', 'kt1', 'ms3', 'CT0016', 40, 1200000, 1800000, 0, 0, 1711814700015),
('ct_sp2_7', 'sp2', 'kt2', 'ms4', 'CT0017', 40, 1200000, 1800000, 0, 0, 1711814700016),
('ct_sp2_8', 'sp2', 'kt3', 'ms4', 'CT0018', 40, 1200000, 1800000, 0, 0, 1711814700017),
('ct_sp2_9', 'sp2', 'kt4', 'ms5', 'CT0019', 40, 1200000, 1800000, 0, 0, 1711814700018),
('ct_sp2_10', 'sp2', 'kt5', 'ms5', 'CT0020', 40, 1200000, 1800000, 0, 0, 1711814700019),
-- Sản phẩm sp3
('ct_sp3_1', 'sp3', 'kt1', 'ms1', 'CT0021', 30, 800000, 1200000, 0, 0, 1711814700020),
('ct_sp3_2', 'sp3', 'kt2', 'ms1', 'CT0022', 30, 800000, 1200000, 0, 0, 1711814700021),
('ct_sp3_3', 'sp3', 'kt3', 'ms2', 'CT0023', 30, 800000, 1200000, 0, 0, 1711814700022),
('ct_sp3_4', 'sp3', 'kt4', 'ms2', 'CT0024', 30, 800000, 1200000, 0, 0, 1711814700023),
('ct_sp3_5', 'sp3', 'kt5', 'ms3', 'CT0025', 30, 800000, 1200000, 0, 0, 1711814700024),
('ct_sp3_6', 'sp3', 'kt1', 'ms2', 'CT0026', 30, 800000, 1200000, 0, 0, 1711814700025),
('ct_sp3_7', 'sp3', 'kt2', 'ms4', 'CT0027', 30, 800000, 1200000, 0, 0, 1711814700026),
('ct_sp3_8', 'sp3', 'kt3', 'ms4', 'CT0028', 30, 800000, 1200000, 0, 0, 1711814700027),
('ct_sp3_9', 'sp3', 'kt4', 'ms5', 'CT0029', 30, 800000, 1200000, 0, 0, 1711814700028),
('ct_sp3_10', 'sp3', 'kt5', 'ms5', 'CT0030', 30, 800000, 1200000, 0, 0, 1711814700029),
-- Sản phẩm sp4
('ct_sp4_1', 'sp4', 'kt1', 'ms1', 'CT0031', 60, 1500000, 2200000, 0, 0, 1711814700030),
('ct_sp4_2', 'sp4', 'kt2', 'ms1', 'CT0032', 60, 1500000, 2200000, 0, 0, 1711814700031),
('ct_sp4_3', 'sp4', 'kt3', 'ms2', 'CT0033', 60, 1500000, 2200000, 0, 0, 1711814700032),
('ct_sp4_4', 'sp4', 'kt4', 'ms2', 'CT0034', 60, 1500000, 2200000, 0, 0, 1711814700033),
('ct_sp4_5', 'sp4', 'kt5', 'ms3', 'CT0035', 60, 1500000, 2200000, 0, 0, 1711814700034),
('ct_sp4_6', 'sp4', 'kt1', 'ms3', 'CT0036', 60, 1500000, 2200000, 0, 0, 1711814700035),
('ct_sp4_7', 'sp4', 'kt2', 'ms4', 'CT0037', 60, 1500000, 2200000, 0, 0, 1711814700036),
('ct_sp4_8', 'sp4', 'kt3', 'ms4', 'CT0038', 60, 1500000, 2200000, 0, 0, 1711814700037),
('ct_sp4_9', 'sp4', 'kt4', 'ms5', 'CT0039', 60, 1500000, 2200000, 0, 0, 1711814700038),
('ct_sp4_10', 'sp4', 'kt5', 'ms5', 'CT0040', 60, 1500000, 2200000, 0, 0, 1711814700039),
-- Sản phẩm sp5
('ct_sp5_1', 'sp5', 'kt1', 'ms1', 'CT0041', 70, 750000, 1100000, 0, 0, 1711814700040),
('ct_sp5_2', 'sp5', 'kt2', 'ms1', 'CT0042', 70, 750000, 1100000, 0, 0, 1711814700041),
('ct_sp5_3', 'sp5', 'kt3', 'ms2', 'CT0043', 70, 750000, 1100000, 0, 0, 1711814700042),
('ct_sp5_4', 'sp5', 'kt4', 'ms2', 'CT0044', 70, 750000, 1100000, 0, 0, 1711814700043),
('ct_sp5_5', 'sp5', 'kt5', 'ms3', 'CT0045', 70, 750000, 1100000, 0, 0, 1711814700044),
('ct_sp5_6', 'sp5', 'kt1', 'ms3', 'CT0046', 70, 750000, 1100000, 0, 0, 1711814700045),
('ct_sp5_7', 'sp5', 'kt2', 'ms4', 'CT0047', 70, 750000, 1100000, 0, 0, 1711814700046),
('ct_sp5_8', 'sp5', 'kt3', 'ms4', 'CT0048', 70, 750000, 1100000, 0, 0, 1711814700047),
('ct_sp5_9', 'sp5', 'kt4', 'ms5', 'CT0049', 70, 750000, 1100000, 0, 0, 1711814700048),
('ct_sp5_10', 'sp5', 'kt5', 'ms5', 'CT0050', 70, 750000, 1100000, 0, 0, 1711814700049),
-- Sản phẩm sp6
('ct_sp6_1', 'sp6', 'kt1', 'ms1', 'CT0051', 100, 500000, 850000, 0, 0, 1711814700050),
('ct_sp6_2', 'sp6', 'kt2', 'ms1', 'CT0052', 100, 500000, 850000, 0, 0, 1711814700051),
('ct_sp6_3', 'sp6', 'kt3', 'ms2', 'CT0053', 100, 500000, 850000, 0, 0, 1711814700052),
('ct_sp6_4', 'sp6', 'kt4', 'ms2', 'CT0054', 100, 500000, 850000, 0, 0, 1711814700053),
('ct_sp6_5', 'sp6', 'kt5', 'ms3', 'CT0055', 100, 500000, 850000, 0, 0, 1711814700054),
('ct_sp6_6', 'sp6', 'kt1', 'ms3', 'CT0056', 100, 500000, 850000, 0, 0, 1711814700055),
('ct_sp6_7', 'sp6', 'kt2', 'ms4', 'CT0057', 100, 500000, 850000, 0, 0, 1711814700056),
('ct_sp6_8', 'sp6', 'kt3', 'ms4', 'CT0058', 100, 500000, 850000, 0, 0, 1711814700057),
('ct_sp6_9', 'sp6', 'kt4', 'ms5', 'CT0059', 100, 500000, 850000, 0, 0, 1711814700058),
('ct_sp6_10', 'sp6', 'kt5', 'ms5', 'CT0060', 100, 500000, 850000, 0, 0, 1711814700059),
-- Sản phẩm sp7
('ct_sp7_1', 'sp7', 'kt1', 'ms1', 'CT0061', 80, 700000, 1200000, 0, 0, 1711814700060),
('ct_sp7_2', 'sp7', 'kt2', 'ms1', 'CT0062', 80, 700000, 1200000, 0, 0, 1711814700061),
('ct_sp7_3', 'sp7', 'kt3', 'ms2', 'CT0063', 80, 700000, 1200000, 0, 0, 1711814700062),
('ct_sp7_4', 'sp7', 'kt4', 'ms2', 'CT0064', 80, 700000, 1200000, 0, 0, 1711814700063),
('ct_sp7_5', 'sp7', 'kt5', 'ms3', 'CT0065', 80, 700000, 1200000, 0, 0, 1711814700064),
('ct_sp7_6', 'sp7', 'kt1', 'ms3', 'CT0066', 80, 700000, 1200000, 0, 0, 1711814700065),
('ct_sp7_7', 'sp7', 'kt2', 'ms4', 'CT0067', 80, 700000, 1200000, 0, 0, 1711814700066),
('ct_sp7_8', 'sp7', 'kt3', 'ms4', 'CT0068', 80, 700000, 1200000, 0, 0, 1711814700067),
('ct_sp7_9', 'sp7', 'kt4', 'ms5', 'CT0069', 80, 700000, 1200000, 0, 0, 1711814700068),
('ct_sp7_10', 'sp7', 'kt5', 'ms5', 'CT0070', 80, 700000, 1200000, 0, 0, 1711814700069),
-- Sản phẩm sp8
('ct_sp8_1', 'sp8', 'kt1', 'ms1', 'CT0071', 50, 2000000, 3500000, 0, 0, 1711814700070),
('ct_sp8_2', 'sp8', 'kt2', 'ms1', 'CT0072', 50, 2000000, 3500000, 0, 0, 1711814700071),
('ct_sp8_3', 'sp8', 'kt3', 'ms2', 'CT0073', 50, 2000000, 3500000, 0, 0, 1711814700072),
('ct_sp8_4', 'sp8', 'kt4', 'ms2', 'CT0074', 50, 2000000, 3500000, 0, 0, 1711814700073),
('ct_sp8_5', 'sp8', 'kt5', 'ms3', 'CT0075', 50, 2000000, 3500000, 0, 0, 1711814700074),
('ct_sp8_6', 'sp8', 'kt1', 'ms3', 'CT0076', 50, 2000000, 3500000, 0, 0, 1711814700075),
('ct_sp8_7', 'sp8', 'kt2', 'ms4', 'CT0077', 50, 2000000, 3500000, 0, 0, 1711814700076),
('ct_sp8_8', 'sp8', 'kt3', 'ms4', 'CT0078', 50, 2000000, 3500000, 0, 0, 1711814700077),
('ct_sp8_9', 'sp8', 'kt4', 'ms5', 'CT0079', 50, 2000000, 3500000, 0, 0, 1711814700078),
('ct_sp8_10', 'sp8', 'kt5', 'ms5', 'CT0080', 50, 2000000, 3500000, 0, 0, 1711814700079),
-- Sản phẩm sp9
('ct_sp9_1', 'sp9', 'kt1', 'ms1', 'CT0081', 60, 2500000, 3800000, 0, 0, 1711814700080),
('ct_sp9_2', 'sp9', 'kt2', 'ms1', 'CT0082', 60, 2500000, 3800000, 0, 0, 1711814700081),
('ct_sp9_3', 'sp9', 'kt3', 'ms2', 'CT0083', 60, 2500000, 3800000, 0, 0, 1711814700082),
('ct_sp9_4', 'sp9', 'kt4', 'ms2', 'CT0084', 60, 2500000, 3800000, 0, 0, 1711814700083),
('ct_sp9_5', 'sp9', 'kt5', 'ms3', 'CT0085', 60, 2500000, 3800000, 0, 0, 1711814700084),
('ct_sp9_6', 'sp9', 'kt1', 'ms3', 'CT0086', 60, 2500000, 3800000, 0, 0, 1711814700085),
('ct_sp9_7', 'sp9', 'kt2', 'ms4', 'CT0087', 60, 2500000, 3800000, 0, 0, 1711814700086),
('ct_sp9_8', 'sp9', 'kt3', 'ms4', 'CT0088', 60, 2500000, 3800000, 0, 0, 1711814700087),
('ct_sp9_9', 'sp9', 'kt4', 'ms5', 'CT0089', 60, 2500000, 3800000, 0, 0, 1711814700088),
('ct_sp9_10', 'sp9', 'kt5', 'ms5', 'CT0090', 60, 2500000, 3800000, 0, 0, 1711814700089),
-- Sản phẩm sp10
('ct_sp10_1', 'sp10', 'kt1', 'ms1', 'CT0091', 45, 1800000, 2900000, 0, 0, 1711814700090),
('ct_sp10_2', 'sp10', 'kt2', 'ms1', 'CT0092', 45, 1800000, 2900000, 0, 0, 1711814700091),
('ct_sp10_3', 'sp10', 'kt3', 'ms2', 'CT0093', 45, 1800000, 2900000, 0, 0, 1711814700092),
('ct_sp10_4', 'sp10', 'kt4', 'ms2', 'CT0094', 45, 1800000, 2900000, 0, 0, 1711814700093),
('ct_sp10_5', 'sp10', 'kt5', 'ms3', 'CT0095', 45, 1800000, 2900000, 0, 0, 1711814700094),
('ct_sp10_6', 'sp10', 'kt1', 'ms3', 'CT0096', 45, 1800000, 2900000, 0, 0, 1711814700095),
('ct_sp10_7', 'sp10', 'kt2', 'ms4', 'CT0097', 45, 1800000, 2900000, 0, 0, 1711814700096),
('ct_sp10_8', 'sp10', 'kt3', 'ms4', 'CT0098', 45, 1800000, 2900000, 0, 0, 1711814700097),
('ct_sp10_9', 'sp10', 'kt4', 'ms5', 'CT0099', 45, 1800000, 2900000, 0, 0, 1711814700098),
('ct_sp10_10', 'sp10', 'kt5', 'ms5', 'CT0100', 45, 1800000, 2900000, 0, 0, 1711814700099),
-- Sản phẩm sp11
('ct_sp11_1', 'sp11', 'kt1', 'ms1', 'CT0101', 30, 2200000, 3200000, 0, 0, 1711814700100),
('ct_sp11_2', 'sp11', 'kt2', 'ms1', 'CT0102', 30, 2200000, 3200000, 0, 0, 1711814700101),
('ct_sp11_3', 'sp11', 'kt3', 'ms2', 'CT0103', 30, 2200000, 3200000, 0, 0, 1711814700102),
('ct_sp11_4', 'sp11', 'kt4', 'ms2', 'CT0104', 30, 2200000, 3200000, 0, 0, 1711814700103),
('ct_sp11_5', 'sp11', 'kt5', 'ms3', 'CT0105', 30, 2200000, 3200000, 0, 0, 1711814700104),
('ct_sp11_6', 'sp11', 'kt1', 'ms3', 'CT0106', 30, 2200000, 3200000, 0, 0, 1711814700105),
('ct_sp11_7', 'sp11', 'kt2', 'ms4', 'CT0107', 30, 2200000, 3200000, 0, 0, 1711814700106),
('ct_sp11_8', 'sp11', 'kt3', 'ms4', 'CT0108', 30, 2200000, 3200000, 0, 0, 1711814700107),
('ct_sp11_9', 'sp11', 'kt4', 'ms5', 'CT0109', 30, 2200000, 3200000, 0, 0, 1711814700108),
('ct_sp11_10', 'sp11', 'kt5', 'ms5', 'CT0110', 30, 2200000, 3200000, 0, 0, 1711814700109),
-- Sản phẩm sp12
('ct_sp12_1', 'sp12', 'kt1', 'ms1', 'CT0111', 100, 900000, 1600000, 0, 0, 1711814700110),
('ct_sp12_2', 'sp12', 'kt2', 'ms1', 'CT0112', 100, 900000, 1600000, 0, 0, 1711814700111),
('ct_sp12_3', 'sp12', 'kt3', 'ms2', 'CT0113', 100, 900000, 1600000, 0, 0, 1711814700112),
('ct_sp12_4', 'sp12', 'kt4', 'ms2', 'CT0114', 100, 900000, 1600000, 0, 0, 1711814700113),
('ct_sp12_5', 'sp12', 'kt5', 'ms3', 'CT0115', 100, 900000, 1600000, 0, 0, 1711814700114),
('ct_sp12_6', 'sp12', 'kt1', 'ms3', 'CT0116', 100, 900000, 1600000, 0, 0, 1711814700115),
('ct_sp12_7', 'sp12', 'kt2', 'ms4', 'CT0117', 100, 900000, 1600000, 0, 0, 1711814700116),
('ct_sp12_8', 'sp12', 'kt3', 'ms4', 'CT0118', 100, 900000, 1600000, 0, 0, 1711814700117),
('ct_sp12_9', 'sp12', 'kt4', 'ms5', 'CT0119', 100, 900000, 1600000, 0, 0, 1711814700118),
('ct_sp12_10', 'sp12', 'kt5', 'ms5', 'CT0120', 100, 900000, 1600000, 0, 0, 1711814700119),
-- Sản phẩm sp13
('ct_sp13_1', 'sp13', 'kt1', 'ms1', 'CT0121', 80, 1100000, 1950000, 0, 0, 1711814700120),
('ct_sp13_2', 'sp13', 'kt2', 'ms1', 'CT0122', 80, 1100000, 1950000, 0, 0, 1711814700121),
('ct_sp13_3', 'sp13', 'kt3', 'ms2', 'CT0123', 80, 1100000, 1950000, 0, 0, 1711814700122),
('ct_sp13_4', 'sp13', 'kt4', 'ms2', 'CT0124', 80, 1100000, 1950000, 0, 0, 1711814700123),
('ct_sp13_5', 'sp13', 'kt5', 'ms3', 'CT0125', 80, 1100000, 1950000, 0, 0, 1711814700124),
('ct_sp13_6', 'sp13', 'kt1', 'ms3', 'CT0126', 80, 1100000, 1950000, 0, 0, 1711814700125),
('ct_sp13_7', 'sp13', 'kt2', 'ms4', 'CT0127', 80, 1100000, 1950000, 0, 0, 1711814700126),
('ct_sp13_8', 'sp13', 'kt3', 'ms4', 'CT0128', 80, 1100000, 1950000, 0, 0, 1711814700127),
('ct_sp13_9', 'sp13', 'kt4', 'ms5', 'CT0129', 80, 1100000, 1950000, 0, 0, 1711814700128),
('ct_sp13_10', 'sp13', 'kt5', 'ms5', 'CT0130', 80, 1100000, 1950000, 0, 0, 1711814700129),
-- Sản phẩm sp14
('ct_sp14_1', 'sp14', 'kt1', 'ms1', 'CT0131', 55, 1500000, 2800000, 0, 0, 1711814700130),
('ct_sp14_2', 'sp14', 'kt2', 'ms1', 'CT0132', 55, 1500000, 2800000, 0, 0, 1711814700131),
('ct_sp14_3', 'sp14', 'kt3', 'ms2', 'CT0133', 55, 1500000, 2800000, 0, 0, 1711814700132),
('ct_sp14_4', 'sp14', 'kt4', 'ms2', 'CT0134', 55, 1500000, 2800000, 0, 0, 1711814700133),
('ct_sp14_5', 'sp14', 'kt5', 'ms3', 'CT0135', 55, 1500000, 2800000, 0, 0, 1711814700134),
('ct_sp14_6', 'sp14', 'kt1', 'ms3', 'CT0136', 55, 1500000, 2800000, 0, 0, 1711814700135),
('ct_sp14_7', 'sp14', 'kt2', 'ms4', 'CT0137', 55, 1500000, 2800000, 0, 0, 1711814700136),
('ct_sp14_8', 'sp14', 'kt3', 'ms4', 'CT0138', 55, 1500000, 2800000, 0, 0, 1711814700137),
('ct_sp14_9', 'sp14', 'kt4', 'ms5', 'CT0139', 55, 1500000, 2800000, 0, 0, 1711814700138),
('ct_sp14_10', 'sp14', 'kt5', 'ms5', 'CT0140', 55, 1500000, 2800000, 0, 0, 1711814700139),
-- Sản phẩm sp15
('ct_sp15_1', 'sp15', 'kt1', 'ms1', 'CT0141', 70, 850000, 1700000, 0, 0, 1711814700140),
('ct_sp15_2', 'sp15', 'kt2', 'ms1', 'CT0142', 70, 850000, 1700000, 0, 0, 1711814700141),
('ct_sp15_3', 'sp15', 'kt3', 'ms2', 'CT0143', 70, 850000, 1700000, 0, 0, 1711814700142),
('ct_sp15_4', 'sp15', 'kt4', 'ms2', 'CT0144', 70, 850000, 1700000, 0, 0, 1711814700143),
('ct_sp15_5', 'sp15', 'kt5', 'ms3', 'CT0145', 70, 850000, 1700000, 0, 0, 1711814700144),
('ct_sp15_6', 'sp15', 'kt1', 'ms3', 'CT0146', 70, 850000, 1700000, 0, 0, 1711814700145),
('ct_sp15_7', 'sp15', 'kt2', 'ms4', 'CT0147', 70, 850000, 1700000, 0, 0, 1711814700146),
('ct_sp15_8', 'sp15', 'kt3', 'ms4', 'CT0148', 70, 850000, 1700000, 0, 0, 1711814700147),
('ct_sp15_9', 'sp15', 'kt4', 'ms5', 'CT0149', 70, 850000, 1700000, 0, 0, 1711814700148),
('ct_sp15_10', 'sp15', 'kt5', 'ms5', 'CT0150', 70, 850000, 1700000, 0, 0, 1711814700149),
-- Sản phẩm sp16
('ct_sp16_1', 'sp16', 'kt1', 'ms1', 'CT0151', 20, 4500000, 6500000, 0, 0, 1711814700150),
('ct_sp16_2', 'sp16', 'kt2', 'ms1', 'CT0152', 20, 4500000, 6500000, 0, 0, 1711814700151),
('ct_sp16_3', 'sp16', 'kt3', 'ms2', 'CT0153', 20, 4500000, 6500000, 0, 0, 1711814700152),
('ct_sp16_4', 'sp16', 'kt4', 'ms2', 'CT0154', 20, 4500000, 6500000, 0, 0, 1711814700153),
('ct_sp16_5', 'sp16', 'kt5', 'ms3', 'CT0155', 20, 4500000, 6500000, 0, 0, 1711814700154),
('ct_sp16_6', 'sp16', 'kt1', 'ms3', 'CT0156', 20, 4500000, 6500000, 0, 0, 1711814700155),
('ct_sp16_7', 'sp16', 'kt2', 'ms4', 'CT0157', 20, 4500000, 6500000, 0, 0, 1711814700156),
('ct_sp16_8', 'sp16', 'kt3', 'ms4', 'CT0158', 20, 4500000, 6500000, 0, 0, 1711814700157),
('ct_sp16_9', 'sp16', 'kt4', 'ms5', 'CT0159', 20, 4500000, 6500000, 0, 0, 1711814700158),
('ct_sp16_10', 'sp16', 'kt5', 'ms5', 'CT0160', 20, 4500000, 6500000, 0, 0, 1711814700159),
-- Sản phẩm sp17
('ct_sp17_1', 'sp17', 'kt1', 'ms1', 'CT0161', 90, 1200000, 2200000, 0, 0, 1711814700160),
('ct_sp17_2', 'sp17', 'kt2', 'ms1', 'CT0162', 90, 1200000, 2200000, 0, 0, 1711814700161),
('ct_sp17_3', 'sp17', 'kt3', 'ms2', 'CT0163', 90, 1200000, 2200000, 0, 0, 1711814700162),
('ct_sp17_4', 'sp17', 'kt4', 'ms2', 'CT0164', 90, 1200000, 2200000, 0, 0, 1711814700163),
('ct_sp17_5', 'sp17', 'kt5', 'ms3', 'CT0165', 90, 1200000, 2200000, 0, 0, 1711814700164),
('ct_sp17_6', 'sp17', 'kt1', 'ms3', 'CT0166', 90, 1200000, 2200000, 0, 0, 1711814700165),
('ct_sp17_7', 'sp17', 'kt2', 'ms4', 'CT0167', 90, 1200000, 2200000, 0, 0, 1711814700166),
('ct_sp17_8', 'sp17', 'kt3', 'ms4', 'CT0168', 90, 1200000, 2200000, 0, 0, 1711814700167),
('ct_sp17_9', 'sp17', 'kt4', 'ms5', 'CT0169', 90, 1200000, 2200000, 0, 0, 1711814700168),
('ct_sp17_10', 'sp17', 'kt5', 'ms5', 'CT0170', 90, 1200000, 2200000, 0, 0, 1711814700169),
-- Sản phẩm sp18
('ct_sp18_1', 'sp18', 'kt1', 'ms1', 'CT0171', 40, 1800000, 2900000, 0, 0, 1711814700170),
('ct_sp18_2', 'sp18', 'kt2', 'ms1', 'CT0172', 40, 1800000, 2900000, 0, 0, 1711814700171),
('ct_sp18_3', 'sp18', 'kt3', 'ms2', 'CT0173', 40, 1800000, 2900000, 0, 0, 1711814700172),
('ct_sp18_4', 'sp18', 'kt4', 'ms2', 'CT0174', 40, 1800000, 2900000, 0, 0, 1711814700173),
('ct_sp18_5', 'sp18', 'kt5', 'ms3', 'CT0175', 40, 1800000, 2900000, 0, 0, 1711814700174),
('ct_sp18_6', 'sp18', 'kt1', 'ms3', 'CT0176', 40, 1800000, 2900000, 0, 0, 1711814700175),
('ct_sp18_7', 'sp18', 'kt2', 'ms4', 'CT0177', 40, 1800000, 2900000, 0, 0, 1711814700176),
('ct_sp18_8', 'sp18', 'kt3', 'ms4', 'CT0178', 40, 1800000, 2900000, 0, 0, 1711814700177),
('ct_sp18_9', 'sp18', 'kt4', 'ms5', 'CT0179', 40, 1800000, 2900000, 0, 0, 1711814700178),
('ct_sp18_10', 'sp18', 'kt5', 'ms5', 'CT0180', 40, 1800000, 2900000, 0, 0, 1711814700179),
-- Sản phẩm sp19
('ct_sp19_1', 'sp19', 'kt1', 'ms1', 'CT0181', 35, 2300000, 4200000, 0, 0, 1711814700180),
('ct_sp19_2', 'sp19', 'kt2', 'ms1', 'CT0182', 35, 2300000, 4200000, 0, 0, 1711814700181),
('ct_sp19_3', 'sp19', 'kt3', 'ms2', 'CT0183', 35, 2300000, 4200000, 0, 0, 1711814700182),
('ct_sp19_4', 'sp19', 'kt4', 'ms2', 'CT0184', 35, 2300000, 4200000, 0, 0, 1711814700183),
('ct_sp19_5', 'sp19', 'kt5', 'ms3', 'CT0185', 35, 2300000, 4200000, 0, 0, 1711814700184),
('ct_sp19_6', 'sp19', 'kt1', 'ms3', 'CT0186', 35, 2300000, 4200000, 0, 0, 1711814700185),
('ct_sp19_7', 'sp19', 'kt2', 'ms4', 'CT0187', 35, 2300000, 4200000, 0, 0, 1711814700186),
('ct_sp19_8', 'sp19', 'kt3', 'ms4', 'CT01878', 35, 2300000, 4200000, 0, 0, 1711814700187),
('ct_sp19_9', 'sp19', 'kt4', 'ms5', 'CT0189', 35, 2300000, 4200000, 0, 0, 1711814700188),
('ct_sp19_10', 'sp19', 'kt5', 'ms5', 'CT0190', 35, 2300000, 4200000, 0, 0, 1711814700189),
-- Sản phẩm sp20
('ct_sp20_1', 'sp20', 'kt1', 'ms1', 'CT0191', 50, 700000, 1250000, 0, 0, 1711814700190),
('ct_sp20_2', 'sp20', 'kt2', 'ms1', 'CT0192', 50, 700000, 1250000, 0, 0, 1711814700191),
('ct_sp20_3', 'sp20', 'kt3', 'ms2', 'CT0193', 50, 700000, 1250000, 0, 0, 1711814700192),
('ct_sp20_4', 'sp20', 'kt4', 'ms2', 'CT0194', 50, 700000, 1250000, 0, 0, 1711814700193),
('ct_sp20_5', 'sp20', 'kt5', 'ms3', 'CT0195', 50, 700000, 1250000, 0, 0, 1711814700194),
('ct_sp20_6', 'sp20', 'kt1', 'ms3', 'CT0196', 50, 700000, 1250000, 0, 0, 1711814700195),
('ct_sp20_7', 'sp20', 'kt2', 'ms4', 'CT0197', 50, 700000, 1250000, 0, 0, 1711814700196),
('ct_sp20_8', 'sp20', 'kt3', 'ms4', 'CT0198', 50, 700000, 1250000, 0, 0, 1711814700197),
('ct_sp20_9', 'sp20', 'kt4', 'ms5', 'CT0199', 50, 700000, 1250000, 0, 0, 1711814700198),
('ct_sp20_10', 'sp20', 'kt5', 'ms5', 'CT0200', 50, 700000, 1250000, 0, 0, 1711814700199),
-- Sản phẩm sp21
('ct_sp21_1', 'sp21', 'kt1', 'ms1', 'CT0201', 120, 600000, 1100000, 0, 0, 1711814700200),
('ct_sp21_2', 'sp21', 'kt2', 'ms1', 'CT0202', 120, 600000, 1100000, 0, 0, 1711814700201),
('ct_sp21_3', 'sp21', 'kt3', 'ms2', 'CT0203', 120, 600000, 1100000, 0, 0, 1711814700202),
('ct_sp21_4', 'sp21', 'kt4', 'ms2', 'CT0204', 120, 600000, 1100000, 0, 0, 1711814700203),
('ct_sp21_5', 'sp21', 'kt5', 'ms3', 'CT0205', 120, 600000, 1100000, 0, 0, 1711814700204),
('ct_sp21_6', 'sp21', 'kt1', 'ms3', 'CT0206', 120, 600000, 1100000, 0, 0, 1711814700205),
('ct_sp21_7', 'sp21', 'kt2', 'ms4', 'CT0207', 120, 600000, 1100000, 0, 0, 1711814700206),
('ct_sp21_8', 'sp21', 'kt3', 'ms4', 'CT0208', 120, 600000, 1100000, 0, 0, 1711814700207),
('ct_sp21_9', 'sp21', 'kt4', 'ms5', 'CT0209', 120, 600000, 1100000, 0, 0, 1711814700208),
('ct_sp21_10', 'sp21', 'kt5', 'ms5', 'CT0210', 120, 600000, 1100000, 0, 0, 1711814700209),
-- Sản phẩm sp22
('ct_sp22_1', 'sp22', 'kt1', 'ms1', 'CT0211', 45, 1900000, 3100000, 0, 0, 1711814700210),
('ct_sp22_2', 'sp22', 'kt2', 'ms1', 'CT0212', 45, 1900000, 3100000, 0, 0, 1711814700211),
('ct_sp22_3', 'sp22', 'kt3', 'ms2', 'CT0213', 45, 1900000, 3100000, 0, 0, 1711814700212),
('ct_sp22_4', 'sp22', 'kt4', 'ms2', 'CT0214', 45, 1900000, 3100000, 0, 0, 1711814700213),
('ct_sp22_5', 'sp22', 'kt5', 'ms3', 'CT0215', 45, 1900000, 3100000, 0, 0, 1711814700214),
('ct_sp22_6', 'sp22', 'kt1', 'ms3', 'CT0216', 45, 1900000, 3100000, 0, 0, 1711814700215),
('ct_sp22_7', 'sp22', 'kt2', 'ms4', 'CT0217', 45, 1900000, 3100000, 0, 0, 1711814700216),
('ct_sp22_8', 'sp22', 'kt3', 'ms4', 'CT0218', 45, 1900000, 3100000, 0, 0, 1711814700217),
('ct_sp22_9', 'sp22', 'kt4', 'ms5', 'CT0219', 45, 1900000, 3100000, 0, 0, 1711814700218),
('ct_sp22_10', 'sp22', 'kt5', 'ms5', 'CT0220', 45, 1900000, 3100000, 0, 0, 1711814700219),
-- Sản phẩm sp23
('ct_sp23_1', 'sp23', 'kt1', 'ms1', 'CT0221', 65, 2100000, 3600000, 0, 0, 1711814700220),
('ct_sp23_2', 'sp23', 'kt2', 'ms1', 'CT0222', 65, 2100000, 3600000, 0, 0, 1711814700221),
('ct_sp23_3', 'sp23', 'kt3', 'ms2', 'CT0223', 65, 2100000, 3600000, 0, 0, 1711814700222),
('ct_sp23_4', 'sp23', 'kt4', 'ms2', 'CT0224', 65, 2100000, 3600000, 0, 0, 1711814700223),
('ct_sp23_5', 'sp23', 'kt5', 'ms3', 'CT0225', 65, 2100000, 3600000, 0, 0, 1711814700224),
('ct_sp23_6', 'sp23', 'kt1', 'ms3', 'CT0226', 65, 2100000, 3600000, 0, 0, 1711814700225),
('ct_sp23_7', 'sp23', 'kt2', 'ms4', 'CT0227', 65, 2100000, 3600000, 0, 0, 1711814700226),
('ct_sp23_8', 'sp23', 'kt3', 'ms4', 'CT0228', 65, 2100000, 3600000, 0, 0, 1711814700227),
('ct_sp23_9', 'sp23', 'kt4', 'ms5', 'CT0229', 65, 2100000, 3600000, 0, 0, 1711814700228),
('ct_sp23_10', 'sp23', 'kt5', 'ms5', 'CT0230', 65, 2100000, 3600000, 0, 0, 1711814700229),
-- Sản phẩm sp24
('ct_sp24_1', 'sp24', 'kt1', 'ms1', 'CT0231', 25, 2800000, 4500000, 0, 0, 1711814700230),
('ct_sp24_2', 'sp24', 'kt2', 'ms1', 'CT0232', 25, 2800000, 4500000, 0, 0, 1711814700231),
('ct_sp24_3', 'sp24', 'kt3', 'ms2', 'CT0233', 25, 2800000, 4500000, 0, 0, 1711814700232),
('ct_sp24_4', 'sp24', 'kt4', 'ms2', 'CT0234', 25, 2800000, 4500000, 0, 0, 1711814700233),
('ct_sp24_5', 'sp24', 'kt5', 'ms3', 'CT0235', 25, 2800000, 4500000, 0, 0, 1711814700234),
('ct_sp24_6', 'sp24', 'kt1', 'ms3', 'CT0236', 25, 2800000, 4500000, 0, 0, 1711814700235),
('ct_sp24_7', 'sp24', 'kt2', 'ms4', 'CT0237', 25, 2800000, 4500000, 0, 0, 1711814700236),
('ct_sp24_8', 'sp24', 'kt3', 'ms4', 'CT0238', 25, 2800000, 4500000, 0, 0, 1711814700237),
('ct_sp24_9', 'sp24', 'kt4', 'ms5', 'CT0239', 25, 2800000, 4500000, 0, 0, 1711814700238),
('ct_sp24_10', 'sp24', 'kt5', 'ms5', 'CT0240', 25, 2800000, 4500000, 0, 0, 1711814700239),
-- Sản phẩm sp25
('ct_sp25_1', 'sp25', 'kt1', 'ms1', 'CT0241', 80, 1000000, 1800000, 0, 0, 1711814700240),
('ct_sp25_2', 'sp25', 'kt2', 'ms1', 'CT0242', 80, 1000000, 1800000, 0, 0, 1711814700241),
('ct_sp25_3', 'sp25', 'kt3', 'ms2', 'CT0243', 80, 1000000, 1800000, 0, 0, 1711814700242),
('ct_sp25_4', 'sp25', 'kt4', 'ms2', 'CT0244', 80, 1000000, 1800000, 0, 0, 1711814700243),
('ct_sp25_5', 'sp25', 'kt5', 'ms3', 'CT0245', 80, 1000000, 1800000, 0, 0, 1711814700244),
('ct_sp25_6', 'sp25', 'kt1', 'ms3', 'CT0246', 80, 1000000, 1800000, 0, 0, 1711814700245),
('ct_sp25_7', 'sp25', 'kt2', 'ms4', 'CT0247', 80, 1000000, 1800000, 0, 0, 1711814700246),
('ct_sp25_8', 'sp25', 'kt3', 'ms4', 'CT0248', 80, 1000000, 1800000, 0, 0, 1711814700247),
('ct_sp25_9', 'sp25', 'kt4', 'ms5', 'CT0249', 80, 1000000, 1800000, 0, 0, 1711814700248),
('ct_sp25_10', 'sp25', 'kt5', 'ms5', 'CT0250', 80, 1000000, 1800000, 0, 0, 1711814700249);

-- Thêm Địa Chỉ Mới
INSERT IGNORE INTO dia_chi (id, ma_dia_chi, tinh, thanh_pho, phuong_xa, dia_chi_chi_tiet, ten_nguoi_nhan, sdt_nguoi_nhan, trang_thai, ngay_tao) VALUES
('dc6', 'DC006', 'Đồng Nai', 'Biên Hòa', 'Phường Tam Hiệp', 'Số 1 Phạm Văn Thuận', 'Khách Test 6', '0906667777', 0, 1711814800000),
('dc7', 'DC007', 'Bình Dương', 'Thủ Dầu Một', 'Phường Phú Cường', 'Số 2 Yersin', 'Khách Test 7', '0907778888', 0, 1711814800000),
('dc8', 'DC008', 'Hà Nội', 'Hoàn Kiếm', 'Phường Tràng Tiền', 'Số 10 Lý Thái Tổ', 'Nguyễn Văn A', '0912111222', 0, 1711814800000),
('dc9', 'DC009', 'Hà Nội', 'Cầu Giấy', 'Phường Nhân Chính', 'Số 5 Lê Văn Lương', 'Trần Thị B', '0912333444', 0, 1711814800000),
('dc10', 'DC010', 'TP.HCM', 'Quận 1', 'Phường Bến Nghé', '100 Lê Lợi', 'Lê Văn C', '0912555666', 0, 1711814800000),
('dc11', 'DC011', 'TP.HCM', 'Quận 3', 'Phường 5', '20 Võ Văn Tần', 'Phạm Thị D', '0912777888', 0, 1711814800000),
('dc12', 'DC012', 'Đà Nẵng', 'Hải Châu', 'Phường Hòa Cường', '15 Núi Thành', 'Hoàng Văn E', '0912999000', 0, 1711814800000),
('dc13', 'DC013', 'Cần Thơ', 'Ninh Kiều', 'Phường An Khánh', '45 Nguyễn Văn Cừ', 'Ngô Thị F', '0913123456', 0, 1711814800000),
('dc14', 'DC014', 'Hải Phòng', 'Lê Chân', 'Phường Vĩnh Niệm', '12 Lạch Tray', 'Đỗ Văn G', '0913234567', 0, 1711814800000),
('dc15', 'DC015', 'Quảng Ninh', 'Hạ Long', 'Phường Bãi Cháy', '88 Lê Thánh Tông', 'Bùi Thị H', '0913345678', 0, 1711814800000),
('dc16', 'DC016', 'Hà Nội', 'Hoàn Kiếm', 'Phường Phan Chu Trinh', '12 Phan Chu Trinh', 'Trần Văn X', '0916111222', 0, 1711814800000),
('dc17', 'DC017', 'TP.HCM', 'Quận 3', 'Phường 6', '45 Tú Xương', 'Lê Thị Y', '0916222333', 0, 1711814800000),
('dc18', 'DC018', 'Đà Nẵng', 'Thanh Khê', 'Phường Vĩnh Trung', '78 Hùng Vương', 'Nguyễn Văn Z', '0916333444', 0, 1711814800000),
('dc19', 'DC019', 'Cần Thơ', 'Ninh Kiều', 'Phường Xuân Khánh', '23 đường 3/2', 'Phạm Thị M', '0916444555', 0, 1711814800000),
('dc20', 'DC020', 'Hải Phòng', 'Hồng Bàng', 'Phường Minh Khai', '56 Đinh Tiên Hoàng', 'Đặng Văn N', '0916555666', 0, 1711814800000),
('dc21', 'DC021', 'Bình Dương', 'Thủ Dầu Một', 'Phường Phú Lợi', '90 Đại lộ Bình Dương', 'Hoàng Văn P', '0916666777', 0, 1711814800000),
('dc22', 'DC022', 'Đồng Nai', 'Biên Hòa', 'Phường Quyết Thắng', '11 Hà Huy Giáp', 'Vũ Thị Q', '0916777888', 0, 1711814800000),
('dc23', 'DC023', 'Khánh Hòa', 'Nha Trang', 'Phường Lộc Thọ', '34 Trần Phú', 'Lý Văn R', '0916888999', 0, 1711814800000),
('dc24', 'DC024', 'Lâm Đồng', 'Đà Lạt', 'Phường 1', '67 Nguyễn Văn Cừ', 'Chu Thị S', '0916999000', 0, 1711814800000),
('dc25', 'DC025', 'Thừa Thiên Huế', 'Huế', 'Phường Phú Hội', '15 Lê Lợi', 'Tạ Văn T', '0916000111', 0, 1711814800000);

-- Thêm Khách Hàng Mới
INSERT IGNORE INTO khach_hang (id, id_dia_chi, ma_nguoi_dung, ten_nguoi_dung, email, ten_tai_khoan, mat_khau, gioi_tinh, sdt, ngay_sinh, hinh_anh, ghi_chu, trang_thai, ngay_tao) VALUES
('kh6', 'dc6', 'KH006', 'Trần Khách Test 6', 'khach6@gmail.com', 'khach6', '{bcrypt}$2a$10$oocVPP6YqNyiSKxcgIZK4OgYXwGLfOVsShJcYSrUl55luGoRPr5rq', 1, '0906667777', '2000-01-01', 'kh6.jpg', 'Data test sinh tự động', 0, 1711814900000),
('kh7', 'dc7', 'KH007', 'Lê Khách Test 7', 'khach7@gmail.com', 'khach7', '{bcrypt}$2a$10$oocVPP6YqNyiSKxcgIZK4OgYXwGLfOVsShJcYSrUl55luGoRPr5rq', 0, '0907778888', '2001-02-02', 'kh7.jpg', 'Data test sinh tự động', 0, 1711814900000),
('kh8', 'dc8', 'KH008', 'Nguyễn Văn A', 'khach8@gmail.com', 'khach8', '{bcrypt}$2a$10$oocVPP6YqNyiSKxcgIZK4OgYXwGLfOVsShJcYSrUl55luGoRPr5rq', 1, '0912111222', '1990-05-15', 'kh8.jpg', NULL, 0, 1711814900000),
('kh9', 'dc9', 'KH009', 'Trần Thị B', 'khach9@gmail.com', 'khach9', '{bcrypt}$2a$10$oocVPP6YqNyiSKxcgIZK4OgYXwGLfOVsShJcYSrUl55luGoRPr5rq', 0, '0912333444', '1992-08-20', 'kh9.jpg', NULL, 0, 1711814900000),
('kh10', 'dc10', 'KH010', 'Lê Văn C', 'khach10@gmail.com', 'khach10', '{bcrypt}$2a$10$oocVPP6YqNyiSKxcgIZK4OgYXwGLfOVsShJcYSrUl55luGoRPr5rq', 1, '0912555666', '1988-12-10', 'kh10.jpg', NULL, 0, 1711814900000),
('kh11', 'dc11', 'KH011', 'Phạm Thị D', 'khach11@gmail.com', 'khach11', '{bcrypt}$2a$10$oocVPP6YqNyiSKxcgIZK4OgYXwGLfOVsShJcYSrUl55luGoRPr5rq', 0, '0912777888', '1995-03-25', 'kh11.jpg', NULL, 0, 1711814900000),
('kh12', 'dc12', 'KH012', 'Hoàng Văn E', 'khach12@gmail.com', 'khach12', '{bcrypt}$2a$10$oocVPP6YqNyiSKxcgIZK4OgYXwGLfOVsShJcYSrUl55luGoRPr5rq', 1, '0912999000', '1993-07-30', 'kh12.jpg', NULL, 0, 1711814900000),
('kh13', 'dc13', 'KH013', 'Ngô Thị F', 'khach13@gmail.com', 'khach13', '{bcrypt}$2a$10$oocVPP6YqNyiSKxcgIZK4OgYXwGLfOVsShJcYSrUl55luGoRPr5rq', 0, '0913123456', '1991-11-05', 'kh13.jpg', NULL, 0, 1711814900000),
('kh14', 'dc14', 'KH014', 'Đỗ Văn G', 'khach14@gmail.com', 'khach14', '{bcrypt}$2a$10$oocVPP6YqNyiSKxcgIZK4OgYXwGLfOVsShJcYSrUl55luGoRPr5rq', 1, '0913234567', '1987-01-12', 'kh14.jpg', NULL, 0, 1711814900000),
('kh15', 'dc15', 'KH015', 'Bùi Thị H', 'khach15@gmail.com', 'khach15', '{bcrypt}$2a$10$oocVPP6YqNyiSKxcgIZK4OgYXwGLfOVsShJcYSrUl55luGoRPr5rq', 0, '0913345678', '1996-09-18', 'kh15.jpg', NULL, 0, 1711814900000),
('kh16', 'dc16', 'KH016', 'Trần Văn X', 'khach16@gmail.com', 'khach16', '{bcrypt}$2a$10$oocVPP6YqNyiSKxcgIZK4OgYXwGLfOVsShJcYSrUl55luGoRPr5rq', 1, '0916111222', '1990-01-01', 'kh16.jpg', NULL, 0, 1711814900000),
('kh17', 'dc17', 'KH017', 'Lê Thị Y', 'khach17@gmail.com', 'khach17', '{bcrypt}$2a$10$oocVPP6YqNyiSKxcgIZK4OgYXwGLfOVsShJcYSrUl55luGoRPr5rq', 0, '0916222333', '1991-02-02', 'kh17.jpg', NULL, 0, 1711814900000),
('kh18', 'dc18', 'KH018', 'Nguyễn Văn Z', 'khach18@gmail.com', 'khach18', '{bcrypt}$2a$10$oocVPP6YqNyiSKxcgIZK4OgYXwGLfOVsShJcYSrUl55luGoRPr5rq', 1, '0916333444', '1992-03-03', 'kh18.jpg', NULL, 0, 1711814900000),
('kh19', 'dc19', 'KH019', 'Phạm Thị M', 'khach19@gmail.com', 'khach19', '{bcrypt}$2a$10$oocVPP6YqNyiSKxcgIZK4OgYXwGLfOVsShJcYSrUl55luGoRPr5rq', 0, '0916444555', '1993-04-04', 'kh19.jpg', NULL, 0, 1711814900000),
('kh20', 'dc20', 'KH020', 'Đặng Văn N', 'khach20@gmail.com', 'khach20', '{bcrypt}$2a$10$oocVPP6YqNyiSKxcgIZK4OgYXwGLfOVsShJcYSrUl55luGoRPr5rq', 1, '0916555666', '1994-05-05', 'kh20.jpg', NULL, 0, 1711814900000),
('kh21', 'dc21', 'KH021', 'Hoàng Văn P', 'khach21@gmail.com', 'khach21', '{bcrypt}$2a$10$oocVPP6YqNyiSKxcgIZK4OgYXwGLfOVsShJcYSrUl55luGoRPr5rq', 1, '0916666777', '1995-06-06', 'kh21.jpg', NULL, 0, 1711814900000),
('kh22', 'dc22', 'KH022', 'Vũ Thị Q', 'khach22@gmail.com', 'khach22', '{bcrypt}$2a$10$oocVPP6YqNyiSKxcgIZK4OgYXwGLfOVsShJcYSrUl55luGoRPr5rq', 0, '0916777888', '1996-07-07', 'kh22.jpg', NULL, 0, 1711814900000),
('kh23', 'dc23', 'KH023', 'Lý Văn R', 'khach23@gmail.com', 'khach23', '{bcrypt}$2a$10$oocVPP6YqNyiSKxcgIZK4OgYXwGLfOVsShJcYSrUl55luGoRPr5rq', 1, '0916888999', '1997-08-08', 'kh23.jpg', NULL, 0, 1711814900000),
('kh24', 'dc24', 'KH024', 'Chu Thị S', 'khach24@gmail.com', 'khach24', '{bcrypt}$2a$10$oocVPP6YqNyiSKxcgIZK4OgYXwGLfOVsShJcYSrUl55luGoRPr5rq', 0, '0916999000', '1998-09-09', 'kh24.jpg', NULL, 0, 1711814900000),
('kh25', 'dc25', 'KH025', 'Tạ Văn T', 'khach25@gmail.com', 'khach25', '{bcrypt}$2a$10$oocVPP6YqNyiSKxcgIZK4OgYXwGLfOVsShJcYSrUl55luGoRPr5rq', 1, '0916000111', '1999-10-10', 'kh25.jpg', NULL, 0, 1711814900000);

-- Thêm Hóa Đơn Trạng Thái Đã Hủy (Trạng thái = 4)
INSERT IGNORE INTO hoa_don (id, id_phieu_giam_gia, id_phieu_giam_gia_ca_nhan, id_khach_hang, id_nhan_vien, ma_hoa_don, loai_don, phi_van_chuyen, tong_tien, tong_tien_sau_giam, tien_nguoi_mua, dia_chi_nguoi_nhan, so_dien_thoai_nguoi_nhan, ngay_du_kien_nhan, ghi_chu, trang_thai, ngay_tao) VALUES
('hd6', NULL, NULL, 'kh6', 'nv2', 'HD006', 'ONLINE', 30000.00, 850000.00, 880000.00, 880000.00, 'Số 1 Phạm Văn Thuận, Biên Hòa', '0906667777', NULL, 'Khách đổi ý không mua nữa', 4, 1711815000000),
('hd7', NULL, NULL, 'kh7', 'nv1', 'HD007', 'OFFLINE', 0.00, 3500000.00, 3500000.00, 3500000.00, 'Tại cửa hàng', '0907778888', NULL, NULL, 3, 1711816000000),
('hd8', NULL, NULL, 'kh8', 'nv1', 'HD008', 'OFFLINE', 0.00, 3800000.00, 3800000.00, 3800000.00, 'Mua tại quầy', '0912111222', NULL, NULL, 3, 1711817000000),
('hd9', NULL, NULL, 'kh9', 'nv2', 'HD009', 'ONLINE', 35000.00, 2900000.00, 2935000.00, 2935000.00, 'Số 5 Lê Văn Lương, Hà Nội', '0912333444', 1712073600000, NULL, 1, 1711818000000),
('hd10', NULL, NULL, 'kh10', 'nv1', 'HD010', 'OFFLINE', 0.00, 3200000.00, 3200000.00, 3200000.00, 'Mua tại quầy', '0912555666', NULL, NULL, 3, 1711819000000),
('hd11', NULL, NULL, 'kh11', 'nv2', 'HD011', 'ONLINE', 40000.00, 1600000.00, 1640000.00, 1640000.00, '20 Võ Văn Tần, TP.HCM', '0912777888', 1712160000000, NULL, 2, 1711820000000),
('hd12', NULL, NULL, 'kh12', 'nv1', 'HD012', 'ONLINE', 30000.00, 1950000.00, 1980000.00, 1980000.00, '15 Núi Thành, Đà Nẵng', '0912999000', 1712246400000, NULL, 0, 1711821000000),
('hd13', NULL, NULL, 'kh13', 'nv2', 'HD013', 'OFFLINE', 0.00, 2800000.00, 2800000.00, 2800000.00, 'Mua tại quầy', '0913123456', NULL, NULL, 4, 1711822000000),
('hd14', NULL, NULL, 'kh14', 'nv1', 'HD014', 'ONLINE', 35000.00, 1700000.00, 1735000.00, 1735000.00, '12 Lạch Tray, Hải Phòng', '0913234567', 1712332800000, NULL, 3, 1711823000000),
('hd15', NULL, NULL, 'kh15', 'nv2', 'HD015', 'OFFLINE', 0.00, 6500000.00, 6500000.00, 6500000.00, 'Mua tại quầy', '0913345678', NULL, NULL, 3, 1711824000000);

-- Chi Tiết Hóa Đơn Tương Ứng
INSERT IGNORE INTO hoa_don_chi_tiet (id, id_hoa_don, id_chi_tiet_san_pham, ma_hoa_don_chi_tiet, so_luong, don_gia, trang_thai, ngay_tao) VALUES
('hdct6', 'hd6', 'ct_sp6_1', 'HDCT006', 1, 850000.00, 0, 1711815000000),
('hdct7', 'hd7', 'ct_sp8_1', 'HDCT007', 1, 3500000.00, 0, 1711816000000),
('hdct8', 'hd8', 'ct_sp9_1', 'HDCT008', 1, 3800000.00, 0, 1711817000000),
('hdct9', 'hd9', 'ct_sp10_1', 'HDCT009', 1, 2900000.00, 0, 1711818000000),
('hdct10', 'hd10', 'ct_sp11_1', 'HDCT010', 1, 3200000.00, 0, 1711819000000),
('hdct11', 'hd11', 'ct_sp12_1', 'HDCT011', 1, 1600000.00, 0, 1711820000000),
('hdct12', 'hd12', 'ct_sp13_1', 'HDCT012', 1, 1950000.00, 0, 1711821000000),
('hdct13', 'hd13', 'ct_sp14_1', 'HDCT013', 1, 2800000.00, 0, 1711822000000),
('hdct14', 'hd14', 'ct_sp15_1', 'HDCT014', 1, 1700000.00, 0, 1711823000000),
('hdct15', 'hd15', 'ct_sp16_1', 'HDCT015', 1, 6500000.00, 0, 1711824000000);

-- Lịch Sử Trạng Thái Hóa Đơn
INSERT IGNORE INTO lich_su_trang_thai_hoa_don (id, id_hoa_don, trang_thai_cu, trang_thai_moi, ghi_chu, nguoi_thuc_hien, thoi_gian) VALUES
('ls6', 'hd6', 0, 4, 'Hủy đơn hàng', 'kh6', 1711815500000),
('ls7', 'hd7', 0, 3, 'Giao dịch thành công', 'nv1', 1711816500000),
('ls8', 'hd8', 0, 3, 'Thanh toán tại quầy', 'nv1', 1711817500000),
('ls9', 'hd9', 0, 1, 'Xác nhận đơn hàng online', 'nv2', 1711818500000),
('ls10', 'hd10', 0, 3, 'Thanh toán hoàn tất', 'nv1', 1711819500000),
('ls11', 'hd11', 1, 2, 'Giao cho đơn vị vận chuyển', 'nv2', 1711820500000),
('ls12', 'hd12', NULL, 0, 'Khách đặt hàng thành công', 'kh12', 1711821500000),
('ls13', 'hd13', 0, 4, 'Khách trả hàng', 'nv2', 1711822500000),
('ls14', 'hd14', 2, 3, 'Giao hàng thành công', 'Shipper', 1711823500000),
('ls15', 'hd15', 0, 3, 'Mua hàng giá trị lớn', 'nv2', 1711824500000);
INSERT IGNORE INTO hoa_don (id, id_phieu_giam_gia, id_phieu_giam_gia_ca_nhan, id_khach_hang, id_nhan_vien, ma_hoa_don, loai_don, phi_van_chuyen, tong_tien, tong_tien_sau_giam, tien_nguoi_mua, dia_chi_nguoi_nhan, so_dien_thoai_nguoi_nhan, ngay_du_kien_nhan, ghi_chu, trang_thai, ngay_tao) VALUES
('hd100', NULL, NULL, 'kh24', 'nv1', 'HD100', 'OFFLINE', 0.0, 900000.0, 900000.0, 0, 'Mua tại quầy', '0955147291', NULL, NULL, 0, 1773105540000),
('hd101', NULL, NULL, 'kh2', 'nv2', 'HD101', 'OFFLINE', 0.0, 3700000.0, 3700000.0, 3700000.0, 'Mua tại quầy', '0922357315', NULL, NULL, 4, 1773128400000),
('hd102', NULL, NULL, 'kh12', 'nv1', 'HD102', 'ONLINE', 30000.0, 3400000.0, 3430000.0, 3430000.0, '88 Cầu Giấy, Hà Nội', '0945991928', 1773380640000, NULL, 3, 1773121440000),
('hd103', NULL, NULL, 'kh19', 'nv2', 'HD103', 'ONLINE', 30000.0, 3700000.0, 3730000.0, 0, '32 Lê Duẩn, Đà Nẵng', '0981404115', 1773381480000, NULL, 0, 1773122280000),
('hd104', NULL, NULL, 'kh19', 'nv2', 'HD104', 'ONLINE', 30000.0, 2900000.0, 2930000.0, 2930000.0, '64 Hùng Vương, Huế', '0965624843', 1773393600000, NULL, 4, 1773134400000),
('hd105', NULL, NULL, 'kh12', 'nv1', 'HD105', 'OFFLINE', 0.0, 3300000.0, 3300000.0, 0, 'Mua tại quầy', '0925975129', NULL, NULL, 2, 1773152880000),
('hd106', NULL, NULL, 'kh7', 'nv1', 'HD106', 'ONLINE', 30000.0, 2000000.0, 2030000.0, 2030000.0, '64 Hùng Vương, Huế', '0994271901', 1773394080000, NULL, 0, 1773134880000),
('hd107', NULL, NULL, 'kh6', 'nv1', 'HD107', 'ONLINE', 30000.0, 3500000.0, 3530000.0, 0, '88 Cầu Giấy, Hà Nội', '0936551460', 1773487200000, NULL, 1, 1773228000000),
('hd108', NULL, NULL, 'kh9', 'nv1', 'HD108', 'OFFLINE', 0.0, 4700000.0, 4700000.0, 0, 'Mua tại quầy', '0913259793', NULL, NULL, 0, 1773199320000),
('hd109', NULL, NULL, 'kh18', 'nv2', 'HD109', 'ONLINE', 30000.0, 4200000.0, 4230000.0, 4230000.0, '99 Lạch Tray, Hải Phòng', '0947800486', 1773477840000, NULL, 3, 1773218640000),
('hd110', NULL, NULL, 'kh23', 'nv1', 'HD110', 'ONLINE', 30000.0, 4800000.0, 4830000.0, 4830000.0, 'Mua tại quầy', '0911970054', 1773484560000, NULL, 2, 1773225360000),
('hd111', NULL, NULL, 'kh4', 'nv2', 'HD111', 'ONLINE', 30000.0, 2800000.0, 2830000.0, 2830000.0, 'Mua tại quầy', '0971131300', 1773498360000, NULL, 2, 1773239160000),
('hd112', NULL, NULL, 'kh18', 'nv2', 'HD112', 'ONLINE', 30000.0, 3100000.0, 3130000.0, 0, '15 Võ Văn Kiệt, Cần Thơ', '0993925122', 1773463020000, NULL, 0, 1773203820000),
('hd113', NULL, NULL, 'kh7', 'nv2', 'HD113', 'ONLINE', 30000.0, 2900000.0, 2930000.0, 2930000.0, '32 Lê Duẩn, Đà Nẵng', '0966006960', 1773500340000, NULL, 3, 1773241140000),
('hd114', NULL, NULL, 'kh15', 'nv2', 'HD114', 'OFFLINE', 0.0, 2500000.0, 2500000.0, 2500000.0, 'Mua tại quầy', '0997442677', NULL, NULL, 1, 1773305940000),
('hd115', NULL, NULL, 'kh1', 'nv1', 'HD115', 'ONLINE', 30000.0, 3500000.0, 3530000.0, 3530000.0, 'Mua tại quầy', '0972015048', 1773552360000, NULL, 3, 1773293160000),
('hd116', NULL, NULL, 'kh19', 'nv2', 'HD116', 'ONLINE', 30000.0, 800000.0, 830000.0, 830000.0, '88 Cầu Giấy, Hà Nội', '0983052349', 1773566640000, NULL, 2, 1773307440000),
('hd117', NULL, NULL, 'kh22', 'nv2', 'HD117', 'ONLINE', 30000.0, 3600000.0, 3630000.0, 0, '99 Lạch Tray, Hải Phòng', '0920363903', 1773566940000, NULL, 1, 1773307740000),
('hd118', NULL, NULL, 'kh7', 'nv1', 'HD118', 'ONLINE', 30000.0, 2700000.0, 2730000.0, 2730000.0, '64 Hùng Vương, Huế', '0943821153', 1773579360000, NULL, 3, 1773320160000),
('hd119', NULL, NULL, 'kh19', 'nv2', 'HD119', 'ONLINE', 30000.0, 3800000.0, 3830000.0, 3830000.0, 'Số 123 Nguyễn Huệ, Quận 1, TP.HCM', '0997701716', 1773539520000, NULL, 2, 1773280320000),
('hd120', NULL, NULL, 'kh22', 'nv2', 'HD120', 'ONLINE', 30000.0, 4200000.0, 4230000.0, 0, '15 Võ Văn Kiệt, Cần Thơ', '0928578914', 1773577140000, NULL, 4, 1773317940000),
('hd121', NULL, NULL, 'kh15', 'nv2', 'HD121', 'OFFLINE', 0.0, 500000.0, 500000.0, 500000.0, 'Mua tại quầy', '0997526127', NULL, NULL, 0, 1773384660000),
('hd122', NULL, NULL, 'kh14', 'nv1', 'HD122', 'OFFLINE', 0.0, 2500000.0, 2500000.0, 2500000.0, 'Mua tại quầy', '0945943160', NULL, NULL, 4, 1773374100000),
('hd123', NULL, NULL, 'kh17', 'nv1', 'HD123', 'OFFLINE', 0.0, 1100000.0, 1100000.0, 1100000.0, 'Mua tại quầy', '0978856163', NULL, NULL, 3, 1773398880000),
('hd124', NULL, NULL, 'kh24', 'nv2', 'HD124', 'OFFLINE', 0.0, 500000.0, 500000.0, 0, 'Mua tại quầy', '0962273522', NULL, NULL, 0, 1773389100000),
('hd125', NULL, NULL, 'kh15', 'nv2', 'HD125', 'OFFLINE', 0.0, 800000.0, 800000.0, 800000.0, 'Mua tại quầy', '0964727739', NULL, NULL, 3, 1773392820000),
('hd126', NULL, NULL, 'kh1', 'nv1', 'HD126', 'OFFLINE', 0.0, 1100000.0, 1100000.0, 1100000.0, 'Mua tại quầy', '0957501125', NULL, NULL, 3, 1773482940000),
('hd127', NULL, NULL, 'kh11', 'nv1', 'HD127', 'OFFLINE', 0.0, 4200000.0, 4200000.0, 0, 'Mua tại quầy', '0971435331', NULL, NULL, 1, 1773499560000),
('hd128', NULL, NULL, 'kh6', 'nv2', 'HD128', 'ONLINE', 30000.0, 1500000.0, 1530000.0, 0, 'Mua tại quầy', '0912317399', 1773718200000, NULL, 4, 1773459000000),
('hd129', NULL, NULL, 'kh10', 'nv2', 'HD129', 'OFFLINE', 0.0, 3600000.0, 3600000.0, 3600000.0, 'Mua tại quầy', '0970018484', NULL, NULL, 0, 1773456000000),
('hd130', NULL, NULL, 'kh18', 'nv1', 'HD130', 'ONLINE', 30000.0, 700000.0, 730000.0, 0, 'Số 123 Nguyễn Huệ, Quận 1, TP.HCM', '0961827972', 1773751560000, NULL, 0, 1773492360000),
('hd131', NULL, NULL, 'kh1', 'nv2', 'HD131', 'OFFLINE', 0.0, 1300000.0, 1300000.0, 0, 'Mua tại quầy', '0933175665', NULL, NULL, 0, 1773561180000),
('hd132', NULL, NULL, 'kh12', 'nv1', 'HD132', 'OFFLINE', 0.0, 4400000.0, 4400000.0, 4400000.0, 'Mua tại quầy', '0917215998', NULL, NULL, 0, 1773586140000),
('hd133', NULL, NULL, 'kh1', 'nv2', 'HD133', 'OFFLINE', 0.0, 4900000.0, 4900000.0, 4900000.0, 'Mua tại quầy', '0915356225', NULL, NULL, 0, 1773547620000),
('hd134', NULL, NULL, 'kh7', 'nv1', 'HD134', 'ONLINE', 30000.0, 700000.0, 730000.0, 730000.0, '15 Võ Văn Kiệt, Cần Thơ', '0938531820', 1773800940000, NULL, 0, 1773541740000),
('hd135', NULL, NULL, 'kh11', 'nv1', 'HD135', 'OFFLINE', 0.0, 4600000.0, 4600000.0, 4600000.0, 'Mua tại quầy', '0976101781', NULL, NULL, 0, 1773543720000),
('hd136', NULL, NULL, 'kh4', 'nv1', 'HD136', 'ONLINE', 30000.0, 3300000.0, 3330000.0, 3330000.0, '64 Hùng Vương, Huế', '0951871370', 1773820500000, NULL, 3, 1773561300000),
('hd137', NULL, NULL, 'kh23', 'nv1', 'HD137', 'ONLINE', 30000.0, 3900000.0, 3930000.0, 3930000.0, '64 Hùng Vương, Huế', '0961511346', 1773923160000, NULL, 2, 1773663960000),
('hd138', NULL, NULL, 'kh19', 'nv2', 'HD138', 'ONLINE', 30000.0, 3200000.0, 3230000.0, 3230000.0, 'Mua tại quầy', '0939573571', 1773887700000, NULL, 3, 1773628500000),
('hd139', NULL, NULL, 'kh25', 'nv2', 'HD139', 'OFFLINE', 0.0, 2800000.0, 2800000.0, 2800000.0, 'Mua tại quầy', '0970159577', NULL, NULL, 3, 1773646980000),
('hd140', NULL, NULL, 'kh2', 'nv1', 'HD140', 'OFFLINE', 0.0, 3900000.0, 3900000.0, 0, 'Mua tại quầy', '0966420577', NULL, NULL, 1, 1773666000000),
('hd141', NULL, NULL, 'kh14', 'nv2', 'HD141', 'ONLINE', 30000.0, 1600000.0, 1630000.0, 0, '15 Võ Văn Kiệt, Cần Thơ', '0956711379', 1773897540000, NULL, 2, 1773638340000),
('hd142', NULL, NULL, 'kh8', 'nv2', 'HD142', 'ONLINE', 30000.0, 1300000.0, 1330000.0, 0, '15 Võ Văn Kiệt, Cần Thơ', '0976453047', 1773995940000, NULL, 0, 1773736740000),
('hd143', NULL, NULL, 'kh6', 'nv2', 'HD143', 'ONLINE', 30000.0, 800000.0, 830000.0, 830000.0, 'Số 123 Nguyễn Huệ, Quận 1, TP.HCM', '0924316247', 1774015020000, NULL, 3, 1773755820000),
('hd144', NULL, NULL, 'kh16', 'nv2', 'HD144', 'OFFLINE', 0.0, 2800000.0, 2800000.0, 2800000.0, 'Mua tại quầy', '0942415256', NULL, NULL, 3, 1773712560000),
('hd145', NULL, NULL, 'kh14', 'nv1', 'HD145', 'OFFLINE', 0.0, 1000000.0, 1000000.0, 0, 'Mua tại quầy', '0977330597', NULL, NULL, 4, 1773716760000),
('hd146', NULL, NULL, 'kh19', 'nv1', 'HD146', 'ONLINE', 30000.0, 3600000.0, 3630000.0, 0, '64 Hùng Vương, Huế', '0948066427', 1773971220000, NULL, 4, 1773712020000),
('hd147', NULL, NULL, 'kh24', 'nv1', 'HD147', 'ONLINE', 30000.0, 2200000.0, 2230000.0, 2230000.0, '88 Cầu Giấy, Hà Nội', '0941705179', 1774056900000, NULL, 4, 1773797700000),
('hd148', NULL, NULL, 'kh20', 'nv1', 'HD148', 'ONLINE', 30000.0, 1400000.0, 1430000.0, 1430000.0, '64 Hùng Vương, Huế', '0974012833', 1774066860000, NULL, 3, 1773807660000),
('hd149', NULL, NULL, 'kh8', 'nv2', 'HD149', 'ONLINE', 30000.0, 800000.0, 830000.0, 0, '32 Lê Duẩn, Đà Nẵng', '0924751368', 1774093500000, NULL, 1, 1773834300000),
('hd150', NULL, NULL, 'kh4', 'nv2', 'HD150', 'ONLINE', 30000.0, 500000.0, 530000.0, 0, 'Số 123 Nguyễn Huệ, Quận 1, TP.HCM', '0950445665', 1774102320000, NULL, 1, 1773843120000),
('hd151', NULL, NULL, 'kh15', 'nv1', 'HD151', 'ONLINE', 30000.0, 3100000.0, 3130000.0, 3130000.0, '15 Võ Văn Kiệt, Cần Thơ', '0976847141', 1774097580000, NULL, 3, 1773838380000),
('hd152', NULL, NULL, 'kh10', 'nv1', 'HD152', 'OFFLINE', 0.0, 3800000.0, 3800000.0, 0, 'Mua tại quầy', '0945390623', NULL, NULL, 0, 1773819360000),
('hd153', NULL, NULL, 'kh22', 'nv1', 'HD153', 'ONLINE', 30000.0, 2600000.0, 2630000.0, 2630000.0, '32 Lê Duẩn, Đà Nẵng', '0972296587', 1774174500000, NULL, 3, 1773915300000),
('hd154', NULL, NULL, 'kh3', 'nv1', 'HD154', 'OFFLINE', 0.0, 3300000.0, 3300000.0, 3300000.0, 'Mua tại quầy', '0936159849', NULL, NULL, 3, 1773917040000),
('hd155', NULL, NULL, 'kh12', 'nv2', 'HD155', 'OFFLINE', 0.0, 3600000.0, 3600000.0, 3600000.0, 'Mua tại quầy', '0921311083', NULL, NULL, 0, 1773886020000),
('hd156', NULL, NULL, 'kh1', 'nv1', 'HD156', 'ONLINE', 30000.0, 3800000.0, 3830000.0, 3830000.0, '15 Võ Văn Kiệt, Cần Thơ', '0961817721', 1774183440000, NULL, 4, 1773924240000),
('hd157', NULL, NULL, 'kh24', 'nv2', 'HD157', 'OFFLINE', 0.0, 4000000.0, 4000000.0, 4000000.0, 'Mua tại quầy', '0971974313', NULL, NULL, 3, 1773928500000),
('hd158', NULL, NULL, 'kh7', 'nv2', 'HD158', 'ONLINE', 30000.0, 3500000.0, 3530000.0, 3530000.0, '15 Võ Văn Kiệt, Cần Thơ', '0993681200', 1774262760000, NULL, 0, 1774003560000),
('hd159', NULL, NULL, 'kh3', 'nv1', 'HD159', 'ONLINE', 30000.0, 800000.0, 830000.0, 830000.0, 'Mua tại quầy', '0934310077', 1774271520000, NULL, 3, 1774012320000),
('hd160', NULL, NULL, 'kh10', 'nv1', 'HD160', 'ONLINE', 30000.0, 2600000.0, 2630000.0, 2630000.0, '88 Cầu Giấy, Hà Nội', '0952918419', 1774228920000, NULL, 3, 1773969720000),
('hd161', NULL, NULL, 'kh4', 'nv2', 'HD161', 'OFFLINE', 0.0, 800000.0, 800000.0, 0, 'Mua tại quầy', '0998427455', NULL, NULL, 4, 1773999600000),
('hd162', NULL, NULL, 'kh12', 'nv2', 'HD162', 'ONLINE', 30000.0, 1300000.0, 1330000.0, 0, 'Mua tại quầy', '0978399167', 1774258920000, NULL, 0, 1773999720000),
('hd163', NULL, NULL, 'kh5', 'nv1', 'HD163', 'OFFLINE', 0.0, 4400000.0, 4400000.0, 0, 'Mua tại quầy', '0911156237', NULL, NULL, 2, 1773987600000),
('hd164', NULL, NULL, 'kh11', 'nv2', 'HD164', 'OFFLINE', 0.0, 4300000.0, 4300000.0, 4300000.0, 'Mua tại quầy', '0948216002', NULL, NULL, 1, 1773994080000),
('hd165', NULL, NULL, 'kh24', 'nv2', 'HD165', 'ONLINE', 30000.0, 1200000.0, 1230000.0, 0, '88 Cầu Giấy, Hà Nội', '0965425188', 1774316400000, NULL, 1, 1774057200000),
('hd166', NULL, NULL, 'kh21', 'nv2', 'HD166', 'OFFLINE', 0.0, 1100000.0, 1100000.0, 1100000.0, 'Mua tại quầy', '0941067603', NULL, NULL, 2, 1774066860000),
('hd167', NULL, NULL, 'kh21', 'nv1', 'HD167', 'OFFLINE', 0.0, 4900000.0, 4900000.0, 4900000.0, 'Mua tại quầy', '0934971830', NULL, NULL, 1, 1774061700000),
('hd168', NULL, NULL, 'kh6', 'nv2', 'HD168', 'ONLINE', 30000.0, 3100000.0, 3130000.0, 3130000.0, '32 Lê Duẩn, Đà Nẵng', '0990865697', 1774329120000, NULL, 4, 1774069920000),
('hd169', NULL, NULL, 'kh1', 'nv2', 'HD169', 'OFFLINE', 0.0, 2700000.0, 2700000.0, 0, 'Mua tại quầy', '0954436456', NULL, NULL, 4, 1774084560000),
('hd170', NULL, NULL, 'kh17', 'nv2', 'HD170', 'ONLINE', 30000.0, 3800000.0, 3830000.0, 0, '32 Lê Duẩn, Đà Nẵng', '0919831240', 1774342380000, NULL, 4, 1774083180000),
('hd171', NULL, NULL, 'kh3', 'nv2', 'HD171', 'ONLINE', 30000.0, 3900000.0, 3930000.0, 0, 'Số 123 Nguyễn Huệ, Quận 1, TP.HCM', '0912552885', 1774418100000, NULL, 4, 1774158900000),
('hd172', NULL, NULL, 'kh10', 'nv2', 'HD172', 'OFFLINE', 0.0, 1600000.0, 1600000.0, 1600000.0, 'Mua tại quầy', '0968492218', NULL, NULL, 4, 1774174800000),
('hd173', NULL, NULL, 'kh18', 'nv1', 'HD173', 'ONLINE', 30000.0, 1800000.0, 1830000.0, 0, '99 Lạch Tray, Hải Phòng', '0987472883', 1774420860000, NULL, 2, 1774161660000),
('hd174', NULL, NULL, 'kh10', 'nv1', 'HD174', 'OFFLINE', 0.0, 3900000.0, 3900000.0, 0, 'Mua tại quầy', '0966998619', NULL, NULL, 2, 1774159260000),
('hd175', NULL, NULL, 'kh4', 'nv2', 'HD175', 'OFFLINE', 0.0, 1900000.0, 1900000.0, 0, 'Mua tại quầy', '0964230563', NULL, NULL, 1, 1774162020000),
('hd176', NULL, NULL, 'kh7', 'nv2', 'HD176', 'OFFLINE', 0.0, 1200000.0, 1200000.0, 1200000.0, 'Mua tại quầy', '0967872698', NULL, NULL, 3, 1774259820000),
('hd177', NULL, NULL, 'kh19', 'nv2', 'HD177', 'OFFLINE', 0.0, 4800000.0, 4800000.0, 0, 'Mua tại quầy', '0946220050', NULL, NULL, 2, 1774241460000),
('hd178', NULL, NULL, 'kh19', 'nv2', 'HD178', 'ONLINE', 30000.0, 4700000.0, 4730000.0, 4730000.0, 'Số 123 Nguyễn Huệ, Quận 1, TP.HCM', '0999910219', 1774489860000, NULL, 4, 1774230660000),
('hd179', NULL, NULL, 'kh23', 'nv1', 'HD179', 'OFFLINE', 0.0, 500000.0, 500000.0, 0, 'Mua tại quầy', '0992490321', NULL, NULL, 2, 1774237560000),
('hd180', NULL, NULL, 'kh3', 'nv1', 'HD180', 'OFFLINE', 0.0, 3100000.0, 3100000.0, 3100000.0, 'Mua tại quầy', '0917635233', NULL, NULL, 3, 1774273680000),
('hd181', NULL, NULL, 'kh1', 'nv2', 'HD181', 'ONLINE', 30000.0, 2100000.0, 2130000.0, 0, 'Mua tại quầy', '0915706662', 1774500000000, NULL, 4, 1774240800000),
('hd182', NULL, NULL, 'kh25', 'nv2', 'HD182', 'OFFLINE', 0.0, 3900000.0, 3900000.0, 3900000.0, 'Mua tại quầy', '0991774339', NULL, NULL, 1, 1774238100000),
('hd183', NULL, NULL, 'kh19', 'nv1', 'HD183', 'ONLINE', 30000.0, 3400000.0, 3430000.0, 3430000.0, '15 Võ Văn Kiệt, Cần Thơ', '0979183869', 1774595580000, NULL, 3, 1774336380000),
('hd184', NULL, NULL, 'kh22', 'nv1', 'HD184', 'ONLINE', 30000.0, 4500000.0, 4530000.0, 4530000.0, 'Mua tại quầy', '0926393028', 1774607640000, NULL, 2, 1774348440000),
('hd185', NULL, NULL, 'kh2', 'nv2', 'HD185', 'ONLINE', 30000.0, 4000000.0, 4030000.0, 4030000.0, 'Số 123 Nguyễn Huệ, Quận 1, TP.HCM', '0926097062', 1774617600000, NULL, 0, 1774358400000),
('hd186', NULL, NULL, 'kh21', 'nv1', 'HD186', 'ONLINE', 30000.0, 2900000.0, 2930000.0, 2930000.0, 'Mua tại quầy', '0949585415', 1774622580000, NULL, 1, 1774363380000),
('hd187', NULL, NULL, 'kh13', 'nv1', 'HD187', 'ONLINE', 30000.0, 4000000.0, 4030000.0, 4030000.0, '88 Cầu Giấy, Hà Nội', '0981777641', 1774614480000, NULL, 0, 1774355280000),
('hd188', NULL, NULL, 'kh3', 'nv2', 'HD188', 'ONLINE', 30000.0, 2900000.0, 2930000.0, 2930000.0, '32 Lê Duẩn, Đà Nẵng', '0917857924', 1774622160000, NULL, 3, 1774362960000),
('hd189', NULL, NULL, 'kh14', 'nv2', 'HD189', 'OFFLINE', 0.0, 2900000.0, 2900000.0, 2900000.0, 'Mua tại quầy', '0930268130', NULL, NULL, 2, 1774326480000),
('hd190', NULL, NULL, 'kh21', 'nv2', 'HD190', 'OFFLINE', 0.0, 2600000.0, 2600000.0, 2600000.0, 'Mua tại quầy', '0967451707', NULL, NULL, 1, 1774408680000),
('hd191', NULL, NULL, 'kh24', 'nv1', 'HD191', 'OFFLINE', 0.0, 1800000.0, 1800000.0, 1800000.0, 'Mua tại quầy', '0925596647', NULL, NULL, 3, 1774448460000),
('hd192', NULL, NULL, 'kh17', 'nv1', 'HD192', 'OFFLINE', 0.0, 2300000.0, 2300000.0, 2300000.0, 'Mua tại quầy', '0914113271', NULL, NULL, 1, 1774448160000),
('hd193', NULL, NULL, 'kh11', 'nv2', 'HD193', 'ONLINE', 30000.0, 3200000.0, 3230000.0, 0, 'Mua tại quầy', '0975857002', 1774702140000, NULL, 4, 1774442940000),
('hd194', NULL, NULL, 'kh3', 'nv1', 'HD194', 'OFFLINE', 0.0, 2300000.0, 2300000.0, 2300000.0, 'Mua tại quầy', '0950452832', NULL, NULL, 0, 1774439160000),
('hd195', NULL, NULL, 'kh19', 'nv2', 'HD195', 'ONLINE', 30000.0, 4400000.0, 4430000.0, 4430000.0, '32 Lê Duẩn, Đà Nẵng', '0943731939', 1774705680000, NULL, 3, 1774446480000),
('hd196', NULL, NULL, 'kh18', 'nv2', 'HD196', 'ONLINE', 30000.0, 1200000.0, 1230000.0, 0, '15 Võ Văn Kiệt, Cần Thơ', '0976205910', 1774784100000, NULL, 0, 1774524900000),
('hd197', NULL, NULL, 'kh14', 'nv1', 'HD197', 'ONLINE', 30000.0, 1600000.0, 1630000.0, 1630000.0, '15 Võ Văn Kiệt, Cần Thơ', '0941840077', 1774785900000, NULL, 3, 1774526700000),
('hd198', NULL, NULL, 'kh16', 'nv2', 'HD198', 'OFFLINE', 0.0, 3200000.0, 3200000.0, 0, 'Mua tại quầy', '0921474170', NULL, NULL, 0, 1774529520000),
('hd199', NULL, NULL, 'kh15', 'nv2', 'HD199', 'OFFLINE', 0.0, 1000000.0, 1000000.0, 0, 'Mua tại quầy', '0958369330', NULL, NULL, 4, 1774501140000),
('hd200', NULL, NULL, 'kh19', 'nv1', 'HD200', 'ONLINE', 30000.0, 1600000.0, 1630000.0, 1630000.0, '32 Lê Duẩn, Đà Nẵng', '0932270072', 1774767300000, NULL, 2, 1774508100000),
('hd201', NULL, NULL, 'kh22', 'nv2', 'HD201', 'ONLINE', 30000.0, 4200000.0, 4230000.0, 0, '99 Lạch Tray, Hải Phòng', '0932728969', 1774766880000, NULL, 2, 1774507680000),
('hd202', NULL, NULL, 'kh14', 'nv2', 'HD202', 'ONLINE', 30000.0, 4900000.0, 4930000.0, 0, 'Số 123 Nguyễn Huệ, Quận 1, TP.HCM', '0934725018', 1774760580000, NULL, 2, 1774501380000),
('hd203', NULL, NULL, 'kh9', 'nv2', 'HD203', 'OFFLINE', 0.0, 4200000.0, 4200000.0, 4200000.0, 'Mua tại quầy', '0935441207', NULL, NULL, 4, 1774607160000),
('hd204', NULL, NULL, 'kh2', 'nv2', 'HD204', 'OFFLINE', 0.0, 1500000.0, 1500000.0, 0, 'Mua tại quầy', '0913717678', NULL, NULL, 2, 1774590120000),
('hd205', NULL, NULL, 'kh13', 'nv2', 'HD205', 'ONLINE', 30000.0, 3500000.0, 3530000.0, 0, '88 Cầu Giấy, Hà Nội', '0912074828', 1774838520000, NULL, 4, 1774579320000),
('hd206', NULL, NULL, 'kh10', 'nv1', 'HD206', 'OFFLINE', 0.0, 3800000.0, 3800000.0, 0, 'Mua tại quầy', '0960176021', NULL, NULL, 0, 1774623060000),
('hd207', NULL, NULL, 'kh11', 'nv1', 'HD207', 'ONLINE', 30000.0, 4100000.0, 4130000.0, 4130000.0, '64 Hùng Vương, Huế', '0939760164', 1774870020000, NULL, 3, 1774610820000),
('hd208', NULL, NULL, 'kh8', 'nv1', 'HD208', 'ONLINE', 30000.0, 1600000.0, 1630000.0, 1630000.0, '99 Lạch Tray, Hải Phòng', '0955327868', 1774934280000, NULL, 4, 1774675080000),
('hd209', NULL, NULL, 'kh20', 'nv1', 'HD209', 'OFFLINE', 0.0, 1900000.0, 1900000.0, 0, 'Mua tại quầy', '0950922442', NULL, NULL, 1, 1774688400000),
('hd210', NULL, NULL, 'kh23', 'nv1', 'HD210', 'ONLINE', 30000.0, 1600000.0, 1630000.0, 0, '15 Võ Văn Kiệt, Cần Thơ', '0974892346', 1774947420000, NULL, 2, 1774688220000),
('hd211', NULL, NULL, 'kh19', 'nv2', 'HD211', 'OFFLINE', 0.0, 4300000.0, 4300000.0, 4300000.0, 'Mua tại quầy', '0996167736', NULL, NULL, 3, 1774668480000),
('hd212', NULL, NULL, 'kh2', 'nv2', 'HD212', 'OFFLINE', 0.0, 1600000.0, 1600000.0, 0, 'Mua tại quầy', '0913287886', NULL, NULL, 1, 1774688820000),
('hd213', NULL, NULL, 'kh4', 'nv2', 'HD213', 'ONLINE', 30000.0, 2300000.0, 2330000.0, 2330000.0, 'Số 123 Nguyễn Huệ, Quận 1, TP.HCM', '0953298195', 1775009820000, NULL, 4, 1774750620000),
('hd214', NULL, NULL, 'kh21', 'nv1', 'HD214', 'ONLINE', 30000.0, 2000000.0, 2030000.0, 2030000.0, '15 Võ Văn Kiệt, Cần Thơ', '0966046661', 1775010360000, NULL, 4, 1774751160000),
('hd215', NULL, NULL, 'kh2', 'nv2', 'HD215', 'OFFLINE', 0.0, 1300000.0, 1300000.0, 1300000.0, 'Mua tại quầy', '0998853839', NULL, NULL, 3, 1774792680000),
('hd216', NULL, NULL, 'kh4', 'nv1', 'HD216', 'OFFLINE', 0.0, 3000000.0, 3000000.0, 3000000.0, 'Mua tại quầy', '0931033497', NULL, NULL, 3, 1774794900000),
('hd217', NULL, NULL, 'kh11', 'nv1', 'HD217', 'OFFLINE', 0.0, 4700000.0, 4700000.0, 0, 'Mua tại quầy', '0986286353', NULL, NULL, 4, 1774777920000),
('hd218', NULL, NULL, 'kh16', 'nv2', 'HD218', 'ONLINE', 30000.0, 2700000.0, 2730000.0, 0, 'Số 123 Nguyễn Huệ, Quận 1, TP.HCM', '0976246496', 1775040660000, NULL, 4, 1774781460000),
('hd219', NULL, NULL, 'kh23', 'nv1', 'HD219', 'ONLINE', 30000.0, 4700000.0, 4730000.0, 0, '64 Hùng Vương, Huế', '0935779617', 1775131080000, NULL, 2, 1774871880000),
('hd220', NULL, NULL, 'kh23', 'nv2', 'HD220', 'ONLINE', 30000.0, 500000.0, 530000.0, 530000.0, '99 Lạch Tray, Hải Phòng', '0964198491', 1775096700000, NULL, 3, 1774837500000),
('hd221', NULL, NULL, 'kh8', 'nv1', 'HD221', 'OFFLINE', 0.0, 3200000.0, 3200000.0, 3200000.0, 'Mua tại quầy', '0988421926', NULL, NULL, 4, 1774848060000),
('hd222', NULL, NULL, 'kh25', 'nv2', 'HD222', 'ONLINE', 30000.0, 4400000.0, 4430000.0, 4430000.0, '15 Võ Văn Kiệt, Cần Thơ', '0969817079', 1775126640000, NULL, 0, 1774867440000),
('hd223', NULL, NULL, 'kh12', 'nv2', 'HD223', 'OFFLINE', 0.0, 600000.0, 600000.0, 0, 'Mua tại quầy', '0979359360', NULL, NULL, 4, 1774835340000),
('hd224', NULL, NULL, 'kh2', 'nv1', 'HD224', 'ONLINE', 30000.0, 1600000.0, 1630000.0, 1630000.0, '15 Võ Văn Kiệt, Cần Thơ', '0917347696', 1775129760000, NULL, 4, 1774870560000),
('hd225', NULL, NULL, 'kh4', 'nv1', 'HD225', 'OFFLINE', 0.0, 2600000.0, 2600000.0, 2600000.0, 'Mua tại quầy', '0963216835', NULL, NULL, 4, 1774950060000),
('hd226', NULL, NULL, 'kh24', 'nv2', 'HD226', 'ONLINE', 30000.0, 4300000.0, 4330000.0, 0, 'Số 123 Nguyễn Huệ, Quận 1, TP.HCM', '0910481764', 1775201460000, NULL, 0, 1774942260000),
('hd227', NULL, NULL, 'kh11', 'nv2', 'HD227', 'OFFLINE', 0.0, 3500000.0, 3500000.0, 3500000.0, 'Mua tại quầy', '0920907602', NULL, NULL, 4, 1774957980000),
('hd228', NULL, NULL, 'kh18', 'nv2', 'HD228', 'ONLINE', 30000.0, 800000.0, 830000.0, 830000.0, '88 Cầu Giấy, Hà Nội', '0964004477', 1775223300000, NULL, 0, 1774964100000),
('hd229', NULL, NULL, 'kh12', 'nv2', 'HD229', 'ONLINE', 30000.0, 2500000.0, 2530000.0, 2530000.0, '88 Cầu Giấy, Hà Nội', '0935457176', 1775203860000, NULL, 3, 1774944660000),
('hd230', NULL, NULL, 'kh14', 'nv2', 'HD230', 'OFFLINE', 0.0, 1800000.0, 1800000.0, 1800000.0, 'Mua tại quầy', '0996487768', NULL, NULL, 4, 1775054220000),
('hd231', NULL, NULL, 'kh17', 'nv1', 'HD231', 'OFFLINE', 0.0, 4300000.0, 4300000.0, 0, 'Mua tại quầy', '0920101344', NULL, NULL, 0, 1775012220000),
('hd232', NULL, NULL, 'kh5', 'nv2', 'HD232', 'OFFLINE', 0.0, 1400000.0, 1400000.0, 1400000.0, 'Mua tại quầy', '0930840966', NULL, NULL, 3, 1775022960000),
('hd233', NULL, NULL, 'kh5', 'nv2', 'HD233', 'OFFLINE', 0.0, 2000000.0, 2000000.0, 2000000.0, 'Mua tại quầy', '0972188353', NULL, NULL, 1, 1775043780000),
('hd234', NULL, NULL, 'kh4', 'nv1', 'HD234', 'ONLINE', 30000.0, 1500000.0, 1530000.0, 1530000.0, '99 Lạch Tray, Hải Phòng', '0957243142', 1775296560000, NULL, 4, 1775037360000),
('hd235', NULL, NULL, 'kh19', 'nv2', 'HD235', 'ONLINE', 30000.0, 1000000.0, 1030000.0, 0, '64 Hùng Vương, Huế', '0985925860', 1775378160000, NULL, 2, 1775118960000),
('hd236', NULL, NULL, 'kh16', 'nv1', 'HD236', 'ONLINE', 30000.0, 2100000.0, 2130000.0, 2130000.0, 'Số 123 Nguyễn Huệ, Quận 1, TP.HCM', '0918161205', 1775391840000, NULL, 1, 1775132640000),
('hd237', NULL, NULL, 'kh16', 'nv2', 'HD237', 'OFFLINE', 0.0, 3800000.0, 3800000.0, 0, 'Mua tại quầy', '0974719681', NULL, NULL, 1, 1775108460000),
('hd238', NULL, NULL, 'kh4', 'nv2', 'HD238', 'ONLINE', 30000.0, 2500000.0, 2530000.0, 2530000.0, '32 Lê Duẩn, Đà Nẵng', '0912440627', 1775391540000, NULL, 3, 1775132340000),
('hd239', NULL, NULL, 'kh14', 'nv1', 'HD239', 'OFFLINE', 0.0, 2500000.0, 2500000.0, 2500000.0, 'Mua tại quầy', '0956145864', NULL, NULL, 2, 1775128740000),
('hd240', NULL, NULL, 'kh16', 'nv1', 'HD240', 'ONLINE', 30000.0, 700000.0, 730000.0, 0, 'Mua tại quầy', '0936827704', 1775358840000, NULL, 1, 1775099640000),
('hd241', NULL, NULL, 'kh18', 'nv1', 'HD241', 'ONLINE', 30000.0, 900000.0, 930000.0, 0, 'Mua tại quầy', '0991560915', 1775447160000, NULL, 4, 1775187960000),
('hd242', NULL, NULL, 'kh13', 'nv2', 'HD242', 'OFFLINE', 0.0, 3800000.0, 3800000.0, 3800000.0, 'Mua tại quầy', '0914700741', NULL, NULL, 3, 1775218800000),
('hd243', NULL, NULL, 'kh11', 'nv2', 'HD243', 'OFFLINE', 0.0, 4400000.0, 4400000.0, 4400000.0, 'Mua tại quầy', '0924586852', NULL, NULL, 3, 1775223000000),
('hd244', NULL, NULL, 'kh13', 'nv2', 'HD244', 'ONLINE', 30000.0, 3900000.0, 3930000.0, 3930000.0, 'Số 123 Nguyễn Huệ, Quận 1, TP.HCM', '0929611551', 1775474040000, NULL, 1, 1775214840000),
('hd245', NULL, NULL, 'kh11', 'nv2', 'HD245', 'ONLINE', 30000.0, 4000000.0, 4030000.0, 0, '32 Lê Duẩn, Đà Nẵng', '0925493834', 1775444040000, NULL, 1, 1775184840000),
('hd246', NULL, NULL, 'kh1', 'nv1', 'HD246', 'ONLINE', 30000.0, 4100000.0, 4130000.0, 4130000.0, '15 Võ Văn Kiệt, Cần Thơ', '0925832734', 1775538120000, NULL, 3, 1775278920000),
('hd247', NULL, NULL, 'kh24', 'nv1', 'HD247', 'OFFLINE', 0.0, 2800000.0, 2800000.0, 0, 'Mua tại quầy', '0943294764', NULL, NULL, 2, 1775282820000),
('hd248', NULL, NULL, 'kh13', 'nv1', 'HD248', 'ONLINE', 30000.0, 3400000.0, 3430000.0, 3430000.0, 'Số 123 Nguyễn Huệ, Quận 1, TP.HCM', '0994235933', 1775523660000, NULL, 0, 1775264460000),
('hd249', NULL, NULL, 'kh21', 'nv1', 'HD249', 'ONLINE', 30000.0, 3100000.0, 3130000.0, 3130000.0, '15 Võ Văn Kiệt, Cần Thơ', '0911928040', 1775563200000, NULL, 4, 1775304000000),
('hd250', NULL, NULL, 'kh16', 'nv2', 'HD250', 'OFFLINE', 0.0, 3000000.0, 3000000.0, 3000000.0, 'Mua tại quầy', '0928411162', NULL, NULL, 3, 1775297700000),
('hd251', NULL, NULL, 'kh14', 'nv2', 'HD251', 'OFFLINE', 0.0, 1200000.0, 1200000.0, 1200000.0, 'Mua tại quầy', '0914362206', NULL, NULL, 4, 1775291880000),
('hd252', NULL, NULL, 'kh9', 'nv2', 'HD252', 'OFFLINE', 0.0, 4600000.0, 4600000.0, 4600000.0, 'Mua tại quầy', '0922559190', NULL, NULL, 2, 1775308560000),
('hd253', NULL, NULL, 'kh6', 'nv1', 'HD253', 'OFFLINE', 0.0, 3400000.0, 3400000.0, 3400000.0, 'Mua tại quầy', '0957807294', NULL, NULL, 3, 1775382960000),
('hd254', NULL, NULL, 'kh24', 'nv1', 'HD254', 'OFFLINE', 0.0, 4900000.0, 4900000.0, 4900000.0, 'Mua tại quầy', '0973903519', NULL, NULL, 1, 1775378160000),
('hd255', NULL, NULL, 'kh12', 'nv2', 'HD255', 'ONLINE', 30000.0, 1600000.0, 1630000.0, 1630000.0, '15 Võ Văn Kiệt, Cần Thơ', '0916060283', 1775641200000, NULL, 3, 1775382000000),
('hd256', NULL, NULL, 'kh25', 'nv2', 'HD256', 'ONLINE', 30000.0, 600000.0, 630000.0, 630000.0, '88 Cầu Giấy, Hà Nội', '0993704250', 1775618280000, NULL, 3, 1775359080000),
('hd257', NULL, NULL, 'kh10', 'nv2', 'HD257', 'OFFLINE', 0.0, 2500000.0, 2500000.0, 2500000.0, 'Mua tại quầy', '0978892153', NULL, NULL, 2, 1775354880000),
('hd258', NULL, NULL, 'kh16', 'nv2', 'HD258', 'ONLINE', 30000.0, 2900000.0, 2930000.0, 0, 'Mua tại quầy', '0939933228', 1775704560000, NULL, 1, 1775445360000),
('hd259', NULL, NULL, 'kh9', 'nv1', 'HD259', 'ONLINE', 30000.0, 2900000.0, 2930000.0, 2930000.0, '99 Lạch Tray, Hải Phòng', '0922338905', 1775725380000, NULL, 0, 1775466180000),
('hd260', NULL, NULL, 'kh16', 'nv1', 'HD260', 'ONLINE', 30000.0, 600000.0, 630000.0, 630000.0, '88 Cầu Giấy, Hà Nội', '0978618702', 1775717160000, NULL, 3, 1775457960000),
('hd261', NULL, NULL, 'kh13', 'nv2', 'HD261', 'ONLINE', 30000.0, 1300000.0, 1330000.0, 1330000.0, '64 Hùng Vương, Huế', '0939206071', 1775724180000, NULL, 2, 1775464980000),
('hd262', NULL, NULL, 'kh14', 'nv1', 'HD262', 'ONLINE', 30000.0, 2400000.0, 2430000.0, 0, '99 Lạch Tray, Hải Phòng', '0944533517', 1775719440000, NULL, 1, 1775460240000),
('hd263', NULL, NULL, 'kh5', 'nv1', 'HD263', 'OFFLINE', 0.0, 2400000.0, 2400000.0, 2400000.0, 'Mua tại quầy', '0962601405', NULL, NULL, 2, 1775450940000),
('hd264', NULL, NULL, 'kh22', 'nv2', 'HD264', 'OFFLINE', 0.0, 3700000.0, 3700000.0, 3700000.0, 'Mua tại quầy', '0912796651', NULL, NULL, 2, 1775470620000),
('hd265', NULL, NULL, 'kh2', 'nv1', 'HD265', 'ONLINE', 30000.0, 3300000.0, 3330000.0, 0, '32 Lê Duẩn, Đà Nẵng', '0914608431', 1775817840000, NULL, 4, 1775558640000),
('hd266', NULL, NULL, 'kh2', 'nv1', 'HD266', 'OFFLINE', 0.0, 3800000.0, 3800000.0, 0, 'Mua tại quầy', '0957575245', NULL, NULL, 1, 1775527080000),
('hd267', NULL, NULL, 'kh12', 'nv1', 'HD267', 'OFFLINE', 0.0, 1500000.0, 1500000.0, 1500000.0, 'Mua tại quầy', '0942241226', NULL, NULL, 3, 1775533500000),
('hd268', NULL, NULL, 'kh13', 'nv1', 'HD268', 'OFFLINE', 0.0, 4100000.0, 4100000.0, 4100000.0, 'Mua tại quầy', '0920747823', NULL, NULL, 3, 1775573040000),
('hd269', NULL, NULL, 'kh5', 'nv2', 'HD269', 'ONLINE', 30000.0, 4900000.0, 4930000.0, 4930000.0, '99 Lạch Tray, Hải Phòng', '0926350408', 1775829900000, NULL, 2, 1775570700000),
('hd270', NULL, NULL, 'kh17', 'nv2', 'HD270', 'OFFLINE', 0.0, 500000.0, 500000.0, 0, 'Mua tại quầy', '0992579261', NULL, NULL, 4, 1775551860000),
('hd271', NULL, NULL, 'kh5', 'nv2', 'HD271', 'ONLINE', 30000.0, 2200000.0, 2230000.0, 2230000.0, '88 Cầu Giấy, Hà Nội', '0928151354', 1775916060000, NULL, 3, 1775656860000),
('hd272', NULL, NULL, 'kh7', 'nv2', 'HD272', 'ONLINE', 30000.0, 4300000.0, 4330000.0, 4330000.0, '32 Lê Duẩn, Đà Nẵng', '0935366951', 1775878320000, NULL, 4, 1775619120000),
('hd273', NULL, NULL, 'kh3', 'nv1', 'HD273', 'ONLINE', 30000.0, 2600000.0, 2630000.0, 2630000.0, '88 Cầu Giấy, Hà Nội', '0945929642', 1775893020000, NULL, 4, 1775633820000),
('hd274', NULL, NULL, 'kh25', 'nv2', 'HD274', 'ONLINE', 30000.0, 4000000.0, 4030000.0, 0, '64 Hùng Vương, Huế', '0996488008', 1775873280000, NULL, 0, 1775614080000),
('hd275', NULL, NULL, 'kh2', 'nv2', 'HD275', 'OFFLINE', 0.0, 3700000.0, 3700000.0, 3700000.0, 'Mua tại quầy', '0939873251', NULL, NULL, 3, 1775656620000),
('hd276', NULL, NULL, 'kh17', 'nv1', 'HD276', 'ONLINE', 30000.0, 800000.0, 830000.0, 830000.0, '99 Lạch Tray, Hải Phòng', '0914174928', 1775885520000, NULL, 0, 1775626320000),
('hd277', NULL, NULL, 'kh4', 'nv2', 'HD277', 'ONLINE', 30000.0, 4500000.0, 4530000.0, 4530000.0, '99 Lạch Tray, Hải Phòng', '0930700330', 1775913720000, NULL, 3, 1775654520000),
('hd278', NULL, NULL, 'kh24', 'nv2', 'HD278', 'ONLINE', 30000.0, 2100000.0, 2130000.0, 2130000.0, 'Mua tại quầy', '0989081845', 1775967360000, NULL, 2, 1775708160000),
('hd279', NULL, NULL, 'kh18', 'nv2', 'HD279', 'OFFLINE', 0.0, 4000000.0, 4000000.0, 4000000.0, 'Mua tại quầy', '0954636575', NULL, NULL, 4, 1775728560000),
('hd280', NULL, NULL, 'kh9', 'nv1', 'HD280', 'ONLINE', 30000.0, 2400000.0, 2430000.0, 0, 'Mua tại quầy', '0960696838', 1775957340000, NULL, 1, 1775698140000),
('hd281', NULL, NULL, 'kh8', 'nv1', 'HD281', 'ONLINE', 30000.0, 800000.0, 830000.0, 830000.0, 'Mua tại quầy', '0974870637', 1775979180000, NULL, 0, 1775719980000),
('hd282', NULL, NULL, 'kh11', 'nv2', 'HD282', 'OFFLINE', 0.0, 4100000.0, 4100000.0, 4100000.0, 'Mua tại quầy', '0998714298', NULL, NULL, 1, 1775722920000),
('hd283', NULL, NULL, 'kh22', 'nv1', 'HD283', 'OFFLINE', 0.0, 3300000.0, 3300000.0, 0, 'Mua tại quầy', '0989186717', NULL, NULL, 4, 1775739840000),
('hd284', NULL, NULL, 'kh18', 'nv2', 'HD284', 'ONLINE', 30000.0, 3200000.0, 3230000.0, 3230000.0, '32 Lê Duẩn, Đà Nẵng', '0960305154', 1776043740000, NULL, 3, 1775784540000),
('hd285', NULL, NULL, 'kh8', 'nv1', 'HD285', 'ONLINE', 30000.0, 1500000.0, 1530000.0, 1530000.0, '88 Cầu Giấy, Hà Nội', '0973671831', 1776078720000, NULL, 4, 1775819520000),
('hd286', NULL, NULL, 'kh4', 'nv2', 'HD286', 'ONLINE', 30000.0, 1500000.0, 1530000.0, 1530000.0, '32 Lê Duẩn, Đà Nẵng', '0949498965', 1776075900000, NULL, 1, 1775816700000),
('hd287', NULL, NULL, 'kh17', 'nv1', 'HD287', 'OFFLINE', 0.0, 700000.0, 700000.0, 700000.0, 'Mua tại quầy', '0981350160', NULL, NULL, 3, 1775826180000),
('hd288', NULL, NULL, 'kh5', 'nv1', 'HD288', 'OFFLINE', 0.0, 1900000.0, 1900000.0, 0, 'Mua tại quầy', '0963884342', NULL, NULL, 1, 1775793060000),
('hd289', NULL, NULL, 'kh11', 'nv2', 'HD289', 'OFFLINE', 0.0, 3100000.0, 3100000.0, 3100000.0, 'Mua tại quầy', '0911282160', NULL, NULL, 3, 1775807880000),
('hd290', NULL, NULL, 'kh7', 'nv2', 'HD290', 'ONLINE', 30000.0, 2300000.0, 2330000.0, 2330000.0, 'Số 123 Nguyễn Huệ, Quận 1, TP.HCM', '0979892284', 1776075120000, NULL, 2, 1775815920000),
('hd291', NULL, NULL, 'kh8', 'nv2', 'HD291', 'ONLINE', 30000.0, 2900000.0, 2930000.0, 2930000.0, '64 Hùng Vương, Huế', '0990236818', 1776149280000, NULL, 1, 1775890080000),
('hd292', NULL, NULL, 'kh6', 'nv2', 'HD292', 'ONLINE', 30000.0, 2900000.0, 2930000.0, 2930000.0, 'Số 123 Nguyễn Huệ, Quận 1, TP.HCM', '0968373531', 1776139440000, NULL, 2, 1775880240000),
('hd293', NULL, NULL, 'kh7', 'nv2', 'HD293', 'OFFLINE', 0.0, 2200000.0, 2200000.0, 2200000.0, 'Mua tại quầy', '0918140538', NULL, NULL, 0, 1775903880000),
('hd294', NULL, NULL, 'kh15', 'nv1', 'HD294', 'ONLINE', 30000.0, 3000000.0, 3030000.0, 3030000.0, '88 Cầu Giấy, Hà Nội', '0967154539', 1776160380000, NULL, 1, 1775901180000),
('hd295', NULL, NULL, 'kh19', 'nv1', 'HD295', 'OFFLINE', 0.0, 4700000.0, 4700000.0, 4700000.0, 'Mua tại quầy', '0936837267', NULL, NULL, 0, 1775906700000),
('hd296', NULL, NULL, 'kh25', 'nv1', 'HD296', 'OFFLINE', 0.0, 1200000.0, 1200000.0, 1200000.0, 'Mua tại quầy', '0937329341', NULL, NULL, 0, 1775880300000),
('hd297', NULL, NULL, 'kh23', 'nv2', 'HD297', 'OFFLINE', 0.0, 4600000.0, 4600000.0, 4600000.0, 'Mua tại quầy', '0928383229', NULL, NULL, 0, 1776001920000),
('hd298', NULL, NULL, 'kh7', 'nv2', 'HD298', 'ONLINE', 30000.0, 3900000.0, 3930000.0, 3930000.0, '88 Cầu Giấy, Hà Nội', '0954891070', 1776236100000, NULL, 1, 1775976900000),
('hd299', NULL, NULL, 'kh9', 'nv2', 'HD299', 'ONLINE', 30000.0, 4300000.0, 4330000.0, 4330000.0, '64 Hùng Vương, Huế', '0954860081', 1776222120000, NULL, 2, 1775962920000);

INSERT IGNORE INTO hoa_don_chi_tiet (id, id_hoa_don, id_chi_tiet_san_pham, ma_hoa_don_chi_tiet, so_luong, don_gia, trang_thai, ngay_tao) VALUES
('hdct100', 'hd100', 'ct_sp10_4', 'HDCT100', 2, 3200000.0, 0, 1773105540000),
('hdct101', 'hd101', 'ct_sp20_3', 'HDCT101', 1, 3700000.0, 0, 1773128400000),
('hdct102', 'hd102', 'ct_sp17_5', 'HDCT102', 1, 3900000.0, 0, 1773121440000),
('hdct103', 'hd102', 'ct_sp15_4', 'HDCT103', 1, 2500000.0, 0, 1773121440000),
('hdct104', 'hd102', 'ct_sp10_4', 'HDCT104', 1, 4200000.0, 0, 1773121440000),
('hdct105', 'hd103', 'ct_sp11_2', 'HDCT105', 1, 4500000.0, 0, 1773122280000),
('hdct106', 'hd103', 'ct_sp3_10', 'HDCT106', 2, 2000000.0, 0, 1773122280000),
('hdct107', 'hd104', 'ct_sp10_5', 'HDCT107', 2, 3000000.0, 0, 1773134400000),
('hdct108', 'hd104', 'ct_sp16_9', 'HDCT108', 2, 3300000.0, 0, 1773134400000),
('hdct109', 'hd104', 'ct_sp15_3', 'HDCT109', 2, 2300000.0, 0, 1773134400000),
('hdct110', 'hd105', 'ct_sp3_3', 'HDCT110', 2, 3700000.0, 0, 1773152880000),
('hdct111', 'hd106', 'ct_sp22_8', 'HDCT111', 1, 2700000.0, 0, 1773134880000),
('hdct112', 'hd106', 'ct_sp19_6', 'HDCT112', 1, 1500000.0, 0, 1773134880000),
('hdct113', 'hd106', 'ct_sp3_10', 'HDCT113', 1, 1400000.0, 0, 1773134880000),
('hdct114', 'hd107', 'ct_sp18_5', 'HDCT114', 2, 1600000.0, 0, 1773228000000),
('hdct115', 'hd107', 'ct_sp9_3', 'HDCT115', 2, 1800000.0, 0, 1773228000000),
('hdct116', 'hd107', 'ct_sp11_2', 'HDCT116', 2, 2100000.0, 0, 1773228000000),
('hdct117', 'hd108', 'ct_sp22_10', 'HDCT117', 1, 1000000.0, 0, 1773199320000),
('hdct118', 'hd108', 'ct_sp14_5', 'HDCT118', 1, 4000000.0, 0, 1773199320000),
('hdct119', 'hd109', 'ct_sp24_9', 'HDCT119', 1, 3700000.0, 0, 1773218640000),
('hdct120', 'hd109', 'ct_sp23_7', 'HDCT120', 1, 3800000.0, 0, 1773218640000),
('hdct121', 'hd110', 'ct_sp25_9', 'HDCT121', 1, 1500000.0, 0, 1773225360000),
('hdct122', 'hd110', 'ct_sp19_10', 'HDCT122', 1, 1900000.0, 0, 1773225360000),
('hdct123', 'hd110', 'ct_sp24_1', 'HDCT123', 2, 1200000.0, 0, 1773225360000),
('hdct124', 'hd111', 'ct_sp4_5', 'HDCT124', 1, 1500000.0, 0, 1773239160000),
('hdct125', 'hd112', 'ct_sp7_2', 'HDCT125', 1, 1600000.0, 0, 1773203820000),
('hdct126', 'hd112', 'ct_sp23_7', 'HDCT126', 2, 4700000.0, 0, 1773203820000),
('hdct127', 'hd113', 'ct_sp18_7', 'HDCT127', 2, 1300000.0, 0, 1773241140000),
('hdct128', 'hd113', 'ct_sp24_9', 'HDCT128', 2, 5000000.0, 0, 1773241140000),
('hdct129', 'hd113', 'ct_sp7_2', 'HDCT129', 2, 3400000.0, 0, 1773241140000),
('hdct130', 'hd114', 'ct_sp20_10', 'HDCT130', 2, 2200000.0, 0, 1773305940000),
('hdct131', 'hd114', 'ct_sp3_4', 'HDCT131', 2, 3700000.0, 0, 1773305940000),
('hdct132', 'hd115', 'ct_sp20_10', 'HDCT132', 1, 1000000.0, 0, 1773293160000),
('hdct133', 'hd116', 'ct_sp17_6', 'HDCT133', 1, 2800000.0, 0, 1773307440000),
('hdct134', 'hd117', 'ct_sp18_3', 'HDCT134', 2, 1400000.0, 0, 1773307740000),
('hdct135', 'hd117', 'ct_sp14_4', 'HDCT135', 1, 2100000.0, 0, 1773307740000),
('hdct136', 'hd118', 'ct_sp12_5', 'HDCT136', 2, 4700000.0, 0, 1773320160000),
('hdct137', 'hd119', 'ct_sp14_5', 'HDCT137', 2, 3700000.0, 0, 1773280320000),
('hdct138', 'hd120', 'ct_sp5_1', 'HDCT138', 2, 1500000.0, 0, 1773317940000),
('hdct139', 'hd120', 'ct_sp22_8', 'HDCT139', 1, 4600000.0, 0, 1773317940000),
('hdct140', 'hd121', 'ct_sp22_8', 'HDCT140', 2, 1700000.0, 0, 1773384660000),
('hdct141', 'hd122', 'ct_sp3_1', 'HDCT141', 2, 2200000.0, 0, 1773374100000),
('hdct142', 'hd122', 'ct_sp12_5', 'HDCT142', 2, 4600000.0, 0, 1773374100000),
('hdct143', 'hd123', 'ct_sp22_9', 'HDCT143', 2, 2000000.0, 0, 1773398880000),
('hdct144', 'hd123', 'ct_sp20_1', 'HDCT144', 1, 1200000.0, 0, 1773398880000),
('hdct145', 'hd124', 'ct_sp24_9', 'HDCT145', 2, 1600000.0, 0, 1773389100000),
('hdct146', 'hd125', 'ct_sp10_1', 'HDCT146', 2, 3900000.0, 0, 1773392820000),
('hdct147', 'hd125', 'ct_sp13_10', 'HDCT147', 2, 1700000.0, 0, 1773392820000),
('hdct148', 'hd126', 'ct_sp25_9', 'HDCT148', 1, 4700000.0, 0, 1773482940000),
('hdct149', 'hd126', 'ct_sp1_2', 'HDCT149', 1, 3000000.0, 0, 1773482940000),
('hdct150', 'hd127', 'ct_sp11_4', 'HDCT150', 2, 2600000.0, 0, 1773499560000),
('hdct151', 'hd127', 'ct_sp16_9', 'HDCT151', 2, 3700000.0, 0, 1773499560000),
('hdct152', 'hd128', 'ct_sp10_1', 'HDCT152', 1, 4000000.0, 0, 1773459000000),
('hdct153', 'hd128', 'ct_sp5_1', 'HDCT153', 1, 2400000.0, 0, 1773459000000),
('hdct154', 'hd128', 'ct_sp24_1', 'HDCT154', 1, 2900000.0, 0, 1773459000000),
('hdct155', 'hd129', 'ct_sp1_8', 'HDCT155', 1, 4200000.0, 0, 1773456000000),
('hdct156', 'hd129', 'ct_sp7_10', 'HDCT156', 1, 1500000.0, 0, 1773456000000),
('hdct157', 'hd130', 'ct_sp21_6', 'HDCT157', 2, 4500000.0, 0, 1773492360000),
('hdct158', 'hd130', 'ct_sp15_6', 'HDCT158', 1, 3900000.0, 0, 1773492360000),
('hdct159', 'hd130', 'ct_sp15_3', 'HDCT159', 2, 3200000.0, 0, 1773492360000),
('hdct160', 'hd131', 'ct_sp2_1', 'HDCT160', 2, 3700000.0, 0, 1773561180000),
('hdct161', 'hd131', 'ct_sp14_4', 'HDCT161', 1, 2600000.0, 0, 1773561180000),
('hdct162', 'hd132', 'ct_sp20_2', 'HDCT162', 1, 4000000.0, 0, 1773586140000),
('hdct163', 'hd132', 'ct_sp6_10', 'HDCT163', 2, 2000000.0, 0, 1773586140000),
('hdct164', 'hd132', 'ct_sp3_8', 'HDCT164', 2, 1900000.0, 0, 1773586140000),
('hdct165', 'hd133', 'ct_sp15_6', 'HDCT165', 1, 3100000.0, 0, 1773547620000),
('hdct166', 'hd133', 'ct_sp11_5', 'HDCT166', 1, 2400000.0, 0, 1773547620000),
('hdct167', 'hd133', 'ct_sp12_1', 'HDCT167', 1, 1200000.0, 0, 1773547620000),
('hdct168', 'hd134', 'ct_sp22_10', 'HDCT168', 2, 3200000.0, 0, 1773541740000),
('hdct169', 'hd134', 'ct_sp21_3', 'HDCT169', 2, 3600000.0, 0, 1773541740000),
('hdct170', 'hd134', 'ct_sp11_2', 'HDCT170', 2, 3700000.0, 0, 1773541740000),
('hdct171', 'hd135', 'ct_sp24_1', 'HDCT171', 1, 3200000.0, 0, 1773543720000),
('hdct172', 'hd135', 'ct_sp17_2', 'HDCT172', 2, 2800000.0, 0, 1773543720000),
('hdct173', 'hd136', 'ct_sp17_9', 'HDCT173', 2, 1300000.0, 0, 1773561300000),
('hdct174', 'hd136', 'ct_sp18_2', 'HDCT174', 1, 3300000.0, 0, 1773561300000),
('hdct175', 'hd137', 'ct_sp17_9', 'HDCT175', 1, 2000000.0, 0, 1773663960000),
('hdct176', 'hd137', 'ct_sp3_1', 'HDCT176', 1, 2300000.0, 0, 1773663960000),
('hdct177', 'hd137', 'ct_sp1_1', 'HDCT177', 1, 1500000.0, 0, 1773663960000),
('hdct178', 'hd138', 'ct_sp25_1', 'HDCT178', 2, 1600000.0, 0, 1773628500000),
('hdct179', 'hd138', 'ct_sp22_8', 'HDCT179', 1, 3000000.0, 0, 1773628500000),
('hdct180', 'hd138', 'ct_sp7_2', 'HDCT180', 2, 2200000.0, 0, 1773628500000),
('hdct181', 'hd139', 'ct_sp24_6', 'HDCT181', 1, 4600000.0, 0, 1773646980000),
('hdct182', 'hd139', 'ct_sp3_1', 'HDCT182', 1, 3300000.0, 0, 1773646980000),
('hdct183', 'hd139', 'ct_sp15_3', 'HDCT183', 2, 4700000.0, 0, 1773646980000),
('hdct184', 'hd140', 'ct_sp18_7', 'HDCT184', 1, 1700000.0, 0, 1773666000000),
('hdct185', 'hd140', 'ct_sp16_7', 'HDCT185', 1, 3300000.0, 0, 1773666000000),
('hdct186', 'hd140', 'ct_sp17_9', 'HDCT186', 1, 1900000.0, 0, 1773666000000),
('hdct187', 'hd141', 'ct_sp13_10', 'HDCT187', 1, 2700000.0, 0, 1773638340000),
('hdct188', 'hd141', 'ct_sp5_1', 'HDCT188', 2, 3400000.0, 0, 1773638340000),
('hdct189', 'hd142', 'ct_sp12_5', 'HDCT189', 2, 3800000.0, 0, 1773736740000),
('hdct190', 'hd142', 'ct_sp7_2', 'HDCT190', 1, 2200000.0, 0, 1773736740000),
('hdct191', 'hd143', 'ct_sp23_7', 'HDCT191', 1, 3000000.0, 0, 1773755820000),
('hdct192', 'hd143', 'ct_sp4_5', 'HDCT192', 2, 1600000.0, 0, 1773755820000),
('hdct193', 'hd144', 'ct_sp2_1', 'HDCT193', 2, 4400000.0, 0, 1773712560000),
('hdct194', 'hd144', 'ct_sp1_8', 'HDCT194', 2, 1600000.0, 0, 1773712560000),
('hdct195', 'hd145', 'ct_sp3_8', 'HDCT195', 1, 4700000.0, 0, 1773716760000),
('hdct196', 'hd145', 'ct_sp16_7', 'HDCT196', 1, 2500000.0, 0, 1773716760000),
('hdct197', 'hd145', 'ct_sp18_6', 'HDCT197', 2, 4300000.0, 0, 1773716760000),
('hdct198', 'hd146', 'ct_sp14_6', 'HDCT198', 2, 5000000.0, 0, 1773712020000),
('hdct199', 'hd147', 'ct_sp15_3', 'HDCT199', 1, 1700000.0, 0, 1773797700000),
('hdct200', 'hd148', 'ct_sp14_5', 'HDCT200', 1, 4000000.0, 0, 1773807660000),
('hdct201', 'hd149', 'ct_sp17_7', 'HDCT201', 2, 2200000.0, 0, 1773834300000),
('hdct202', 'hd150', 'ct_sp17_5', 'HDCT202', 2, 1100000.0, 0, 1773843120000),
('hdct203', 'hd150', 'ct_sp10_1', 'HDCT203', 1, 2100000.0, 0, 1773843120000),
('hdct204', 'hd150', 'ct_sp2_1', 'HDCT204', 1, 2400000.0, 0, 1773843120000),
('hdct205', 'hd151', 'ct_sp7_6', 'HDCT205', 2, 2300000.0, 0, 1773838380000),
('hdct206', 'hd151', 'ct_sp15_3', 'HDCT206', 1, 4500000.0, 0, 1773838380000),
('hdct207', 'hd152', 'ct_sp21_6', 'HDCT207', 2, 2200000.0, 0, 1773819360000),
('hdct208', 'hd153', 'ct_sp7_6', 'HDCT208', 1, 4300000.0, 0, 1773915300000),
('hdct209', 'hd153', 'ct_sp14_5', 'HDCT209', 2, 2700000.0, 0, 1773915300000),
('hdct210', 'hd153', 'ct_sp24_6', 'HDCT210', 2, 3400000.0, 0, 1773915300000),
('hdct211', 'hd154', 'ct_sp10_1', 'HDCT211', 1, 4500000.0, 0, 1773917040000),
('hdct212', 'hd154', 'ct_sp10_2', 'HDCT212', 2, 2100000.0, 0, 1773917040000),
('hdct213', 'hd155', 'ct_sp20_9', 'HDCT213', 2, 4500000.0, 0, 1773886020000),
('hdct214', 'hd155', 'ct_sp23_7', 'HDCT214', 2, 2900000.0, 0, 1773886020000),
('hdct215', 'hd155', 'ct_sp25_1', 'HDCT215', 1, 4700000.0, 0, 1773886020000),
('hdct216', 'hd156', 'ct_sp14_5', 'HDCT216', 1, 2700000.0, 0, 1773924240000),
('hdct217', 'hd156', 'ct_sp21_3', 'HDCT217', 2, 3400000.0, 0, 1773924240000),
('hdct218', 'hd157', 'ct_sp17_6', 'HDCT218', 1, 1100000.0, 0, 1773928500000),
('hdct219', 'hd157', 'ct_sp21_9', 'HDCT219', 2, 2600000.0, 0, 1773928500000),
('hdct220', 'hd158', 'ct_sp10_4', 'HDCT220', 2, 1900000.0, 0, 1774003560000),
('hdct221', 'hd158', 'ct_sp14_6', 'HDCT221', 2, 3100000.0, 0, 1774003560000),
('hdct222', 'hd158', 'ct_sp10_2', 'HDCT222', 2, 2000000.0, 0, 1774003560000),
('hdct223', 'hd159', 'ct_sp10_4', 'HDCT223', 1, 4800000.0, 0, 1774012320000),
('hdct224', 'hd160', 'ct_sp19_4', 'HDCT224', 1, 1500000.0, 0, 1773969720000),
('hdct225', 'hd160', 'ct_sp17_5', 'HDCT225', 2, 3300000.0, 0, 1773969720000),
('hdct226', 'hd161', 'ct_sp1_7', 'HDCT226', 1, 2100000.0, 0, 1773999600000),
('hdct227', 'hd161', 'ct_sp16_9', 'HDCT227', 1, 2800000.0, 0, 1773999600000),
('hdct228', 'hd161', 'ct_sp14_6', 'HDCT228', 2, 4000000.0, 0, 1773999600000),
('hdct229', 'hd162', 'ct_sp21_9', 'HDCT229', 1, 1200000.0, 0, 1773999720000),
('hdct230', 'hd162', 'ct_sp7_10', 'HDCT230', 1, 2200000.0, 0, 1773999720000),
('hdct231', 'hd162', 'ct_sp13_4', 'HDCT231', 1, 3700000.0, 0, 1773999720000),
('hdct232', 'hd163', 'ct_sp15_3', 'HDCT232', 1, 3300000.0, 0, 1773987600000),
('hdct233', 'hd164', 'ct_sp9_7', 'HDCT233', 2, 1000000.0, 0, 1773994080000),
('hdct234', 'hd165', 'ct_sp25_4', 'HDCT234', 1, 4200000.0, 0, 1774057200000),
('hdct235', 'hd165', 'ct_sp3_3', 'HDCT235', 2, 4800000.0, 0, 1774057200000),
('hdct236', 'hd165', 'ct_sp22_8', 'HDCT236', 1, 2500000.0, 0, 1774057200000),
('hdct237', 'hd166', 'ct_sp18_6', 'HDCT237', 1, 4700000.0, 0, 1774066860000),
('hdct238', 'hd167', 'ct_sp7_10', 'HDCT238', 1, 4500000.0, 0, 1774061700000),
('hdct239', 'hd167', 'ct_sp22_8', 'HDCT239', 1, 1300000.0, 0, 1774061700000),
('hdct240', 'hd167', 'ct_sp17_7', 'HDCT240', 1, 2100000.0, 0, 1774061700000),
('hdct241', 'hd168', 'ct_sp17_2', 'HDCT241', 1, 1800000.0, 0, 1774069920000),
('hdct242', 'hd168', 'ct_sp15_6', 'HDCT242', 2, 2100000.0, 0, 1774069920000),
('hdct243', 'hd168', 'ct_sp13_4', 'HDCT243', 1, 1400000.0, 0, 1774069920000),
('hdct244', 'hd169', 'ct_sp18_2', 'HDCT244', 2, 4300000.0, 0, 1774084560000),
('hdct245', 'hd170', 'ct_sp25_8', 'HDCT245', 1, 3800000.0, 0, 1774083180000),
('hdct246', 'hd170', 'ct_sp2_2', 'HDCT246', 1, 4500000.0, 0, 1774083180000),
('hdct247', 'hd170', 'ct_sp9_9', 'HDCT247', 2, 3900000.0, 0, 1774083180000),
('hdct248', 'hd171', 'ct_sp17_7', 'HDCT248', 1, 2300000.0, 0, 1774158900000),
('hdct249', 'hd171', 'ct_sp4_5', 'HDCT249', 1, 4900000.0, 0, 1774158900000),
('hdct250', 'hd171', 'ct_sp14_6', 'HDCT250', 1, 2600000.0, 0, 1774158900000),
('hdct251', 'hd172', 'ct_sp16_9', 'HDCT251', 1, 1400000.0, 0, 1774174800000),
('hdct252', 'hd173', 'ct_sp22_8', 'HDCT252', 1, 1500000.0, 0, 1774161660000),
('hdct253', 'hd173', 'ct_sp25_9', 'HDCT253', 2, 3300000.0, 0, 1774161660000),
('hdct254', 'hd173', 'ct_sp16_1', 'HDCT254', 2, 2600000.0, 0, 1774161660000),
('hdct255', 'hd174', 'ct_sp1_8', 'HDCT255', 2, 3200000.0, 0, 1774159260000),
('hdct256', 'hd175', 'ct_sp1_8', 'HDCT256', 1, 4600000.0, 0, 1774162020000),
('hdct257', 'hd175', 'ct_sp18_9', 'HDCT257', 2, 4900000.0, 0, 1774162020000),
('hdct258', 'hd175', 'ct_sp20_1', 'HDCT258', 2, 1600000.0, 0, 1774162020000),
('hdct259', 'hd176', 'ct_sp9_7', 'HDCT259', 2, 2200000.0, 0, 1774259820000),
('hdct260', 'hd176', 'ct_sp15_6', 'HDCT260', 2, 1400000.0, 0, 1774259820000),
('hdct261', 'hd176', 'ct_sp25_8', 'HDCT261', 2, 4100000.0, 0, 1774259820000),
('hdct262', 'hd177', 'ct_sp25_9', 'HDCT262', 2, 1600000.0, 0, 1774241460000),
('hdct263', 'hd177', 'ct_sp1_1', 'HDCT263', 1, 3400000.0, 0, 1774241460000),
('hdct264', 'hd177', 'ct_sp10_5', 'HDCT264', 1, 2800000.0, 0, 1774241460000),
('hdct265', 'hd178', 'ct_sp25_1', 'HDCT265', 2, 3700000.0, 0, 1774230660000),
('hdct266', 'hd178', 'ct_sp7_2', 'HDCT266', 1, 3400000.0, 0, 1774230660000),
('hdct267', 'hd178', 'ct_sp1_2', 'HDCT267', 1, 1000000.0, 0, 1774230660000),
('hdct268', 'hd179', 'ct_sp23_3', 'HDCT268', 1, 2200000.0, 0, 1774237560000),
('hdct269', 'hd180', 'ct_sp15_4', 'HDCT269', 1, 2100000.0, 0, 1774273680000),
('hdct270', 'hd180', 'ct_sp22_8', 'HDCT270', 2, 1900000.0, 0, 1774273680000),
('hdct271', 'hd181', 'ct_sp12_1', 'HDCT271', 2, 4600000.0, 0, 1774240800000),
('hdct272', 'hd181', 'ct_sp20_10', 'HDCT272', 1, 4600000.0, 0, 1774240800000),
('hdct273', 'hd181', 'ct_sp23_7', 'HDCT273', 2, 4000000.0, 0, 1774240800000),
('hdct274', 'hd182', 'ct_sp17_6', 'HDCT274', 1, 1700000.0, 0, 1774238100000),
('hdct275', 'hd182', 'ct_sp7_10', 'HDCT275', 1, 1400000.0, 0, 1774238100000),
('hdct276', 'hd182', 'ct_sp7_10', 'HDCT276', 2, 3100000.0, 0, 1774238100000),
('hdct277', 'hd183', 'ct_sp22_9', 'HDCT277', 1, 4900000.0, 0, 1774336380000),
('hdct278', 'hd183', 'ct_sp6_10', 'HDCT278', 2, 4600000.0, 0, 1774336380000),
('hdct279', 'hd184', 'ct_sp20_9', 'HDCT279', 1, 2500000.0, 0, 1774348440000),
('hdct280', 'hd185', 'ct_sp17_7', 'HDCT280', 1, 5000000.0, 0, 1774358400000),
('hdct281', 'hd185', 'ct_sp14_5', 'HDCT281', 2, 3400000.0, 0, 1774358400000),
('hdct282', 'hd185', 'ct_sp11_5', 'HDCT282', 2, 1300000.0, 0, 1774358400000),
('hdct283', 'hd186', 'ct_sp16_9', 'HDCT283', 2, 2800000.0, 0, 1774363380000),
('hdct284', 'hd186', 'ct_sp3_10', 'HDCT284', 1, 3800000.0, 0, 1774363380000),
('hdct285', 'hd186', 'ct_sp1_9', 'HDCT285', 1, 4200000.0, 0, 1774363380000),
('hdct286', 'hd187', 'ct_sp17_7', 'HDCT286', 2, 2500000.0, 0, 1774355280000),
('hdct287', 'hd188', 'ct_sp14_6', 'HDCT287', 2, 3700000.0, 0, 1774362960000),
('hdct288', 'hd188', 'ct_sp12_5', 'HDCT288', 2, 4200000.0, 0, 1774362960000),
('hdct289', 'hd189', 'ct_sp7_2', 'HDCT289', 1, 2500000.0, 0, 1774326480000),
('hdct290', 'hd189', 'ct_sp15_6', 'HDCT290', 2, 1300000.0, 0, 1774326480000),
('hdct291', 'hd190', 'ct_sp15_3', 'HDCT291', 1, 1000000.0, 0, 1774408680000),
('hdct292', 'hd190', 'ct_sp13_2', 'HDCT292', 2, 1100000.0, 0, 1774408680000),
('hdct293', 'hd191', 'ct_sp5_1', 'HDCT293', 1, 2600000.0, 0, 1774448460000),
('hdct294', 'hd191', 'ct_sp11_10', 'HDCT294', 2, 3200000.0, 0, 1774448460000),
('hdct295', 'hd191', 'ct_sp21_6', 'HDCT295', 1, 1500000.0, 0, 1774448460000),
('hdct296', 'hd192', 'ct_sp5_1', 'HDCT296', 1, 1500000.0, 0, 1774448160000),
('hdct297', 'hd192', 'ct_sp5_1', 'HDCT297', 1, 2600000.0, 0, 1774448160000),
('hdct298', 'hd193', 'ct_sp25_9', 'HDCT298', 1, 4000000.0, 0, 1774442940000),
('hdct299', 'hd194', 'ct_sp16_1', 'HDCT299', 2, 1000000.0, 0, 1774439160000),
('hdct300', 'hd194', 'ct_sp10_4', 'HDCT300', 2, 3600000.0, 0, 1774439160000),
('hdct301', 'hd195', 'ct_sp17_9', 'HDCT301', 2, 3800000.0, 0, 1774446480000),
('hdct302', 'hd196', 'ct_sp17_10', 'HDCT302', 2, 4700000.0, 0, 1774524900000),
('hdct303', 'hd196', 'ct_sp20_1', 'HDCT303', 1, 1100000.0, 0, 1774524900000),
('hdct304', 'hd196', 'ct_sp3_1', 'HDCT304', 2, 2200000.0, 0, 1774524900000),
('hdct305', 'hd197', 'ct_sp1_8', 'HDCT305', 1, 2200000.0, 0, 1774526700000),
('hdct306', 'hd198', 'ct_sp4_5', 'HDCT306', 1, 3600000.0, 0, 1774529520000),
('hdct307', 'hd199', 'ct_sp25_4', 'HDCT307', 2, 3100000.0, 0, 1774501140000),
('hdct308', 'hd199', 'ct_sp18_5', 'HDCT308', 1, 1500000.0, 0, 1774501140000),
('hdct309', 'hd200', 'ct_sp16_1', 'HDCT309', 2, 5000000.0, 0, 1774508100000),
('hdct310', 'hd200', 'ct_sp13_4', 'HDCT310', 1, 2800000.0, 0, 1774508100000),
('hdct311', 'hd201', 'ct_sp14_5', 'HDCT311', 2, 1700000.0, 0, 1774507680000),
('hdct312', 'hd201', 'ct_sp13_10', 'HDCT312', 2, 3700000.0, 0, 1774507680000),
('hdct313', 'hd201', 'ct_sp18_4', 'HDCT313', 1, 3800000.0, 0, 1774507680000),
('hdct314', 'hd202', 'ct_sp17_5', 'HDCT314', 1, 1000000.0, 0, 1774501380000),
('hdct315', 'hd202', 'ct_sp22_9', 'HDCT315', 1, 1500000.0, 0, 1774501380000),
('hdct316', 'hd203', 'ct_sp2_2', 'HDCT316', 2, 3000000.0, 0, 1774607160000),
('hdct317', 'hd203', 'ct_sp12_1', 'HDCT317', 2, 2300000.0, 0, 1774607160000),
('hdct318', 'hd203', 'ct_sp7_10', 'HDCT318', 1, 1600000.0, 0, 1774607160000),
('hdct319', 'hd204', 'ct_sp24_1', 'HDCT319', 2, 2400000.0, 0, 1774590120000),
('hdct320', 'hd204', 'ct_sp17_7', 'HDCT320', 1, 2700000.0, 0, 1774590120000),
('hdct321', 'hd204', 'ct_sp3_4', 'HDCT321', 2, 4100000.0, 0, 1774590120000),
('hdct322', 'hd205', 'ct_sp6_10', 'HDCT322', 2, 2500000.0, 0, 1774579320000),
('hdct323', 'hd206', 'ct_sp24_1', 'HDCT323', 2, 3400000.0, 0, 1774623060000),
('hdct324', 'hd206', 'ct_sp10_1', 'HDCT324', 2, 2500000.0, 0, 1774623060000),
('hdct325', 'hd207', 'ct_sp18_7', 'HDCT325', 1, 1300000.0, 0, 1774610820000),
('hdct326', 'hd207', 'ct_sp19_10', 'HDCT326', 2, 2600000.0, 0, 1774610820000),
('hdct327', 'hd207', 'ct_sp2_1', 'HDCT327', 2, 2100000.0, 0, 1774610820000),
('hdct328', 'hd208', 'ct_sp2_2', 'HDCT328', 1, 1200000.0, 0, 1774675080000),
('hdct329', 'hd208', 'ct_sp24_9', 'HDCT329', 2, 1200000.0, 0, 1774675080000),
('hdct330', 'hd209', 'ct_sp13_10', 'HDCT330', 1, 4800000.0, 0, 1774688400000),
('hdct331', 'hd209', 'ct_sp23_7', 'HDCT331', 2, 4100000.0, 0, 1774688400000),
('hdct332', 'hd210', 'ct_sp15_4', 'HDCT332', 1, 1100000.0, 0, 1774688220000),
('hdct333', 'hd210', 'ct_sp25_8', 'HDCT333', 1, 3300000.0, 0, 1774688220000),
('hdct334', 'hd211', 'ct_sp16_9', 'HDCT334', 2, 4400000.0, 0, 1774668480000),
('hdct335', 'hd211', 'ct_sp20_2', 'HDCT335', 1, 4500000.0, 0, 1774668480000),
('hdct336', 'hd211', 'ct_sp18_2', 'HDCT336', 1, 4900000.0, 0, 1774668480000),
('hdct337', 'hd212', 'ct_sp7_2', 'HDCT337', 2, 3300000.0, 0, 1774688820000),
('hdct338', 'hd213', 'ct_sp15_3', 'HDCT338', 2, 1500000.0, 0, 1774750620000),
('hdct339', 'hd214', 'ct_sp25_4', 'HDCT339', 1, 4900000.0, 0, 1774751160000),
('hdct340', 'hd214', 'ct_sp11_2', 'HDCT340', 2, 1700000.0, 0, 1774751160000),
('hdct341', 'hd214', 'ct_sp16_9', 'HDCT341', 2, 3500000.0, 0, 1774751160000),
('hdct342', 'hd215', 'ct_sp25_1', 'HDCT342', 1, 3600000.0, 0, 1774792680000),
('hdct343', 'hd215', 'ct_sp17_2', 'HDCT343', 1, 3700000.0, 0, 1774792680000),
('hdct344', 'hd216', 'ct_sp10_5', 'HDCT344', 1, 1900000.0, 0, 1774794900000),
('hdct345', 'hd216', 'ct_sp16_1', 'HDCT345', 1, 4500000.0, 0, 1774794900000),
('hdct346', 'hd217', 'ct_sp18_4', 'HDCT346', 1, 2200000.0, 0, 1774777920000),
('hdct347', 'hd217', 'ct_sp18_7', 'HDCT347', 2, 3000000.0, 0, 1774777920000),
('hdct348', 'hd217', 'ct_sp10_4', 'HDCT348', 2, 2800000.0, 0, 1774777920000),
('hdct349', 'hd218', 'ct_sp23_3', 'HDCT349', 2, 4900000.0, 0, 1774781460000),
('hdct350', 'hd219', 'ct_sp7_6', 'HDCT350', 2, 1000000.0, 0, 1774871880000),
('hdct351', 'hd219', 'ct_sp7_2', 'HDCT351', 2, 2900000.0, 0, 1774871880000),
('hdct352', 'hd219', 'ct_sp16_1', 'HDCT352', 2, 2100000.0, 0, 1774871880000),
('hdct353', 'hd220', 'ct_sp9_8', 'HDCT353', 1, 1000000.0, 0, 1774837500000),
('hdct354', 'hd221', 'ct_sp17_10', 'HDCT354', 1, 4100000.0, 0, 1774848060000),
('hdct355', 'hd222', 'ct_sp24_1', 'HDCT355', 1, 3900000.0, 0, 1774867440000),
('hdct356', 'hd222', 'ct_sp7_10', 'HDCT356', 1, 3500000.0, 0, 1774867440000),
('hdct357', 'hd222', 'ct_sp7_10', 'HDCT357', 2, 2900000.0, 0, 1774867440000),
('hdct358', 'hd223', 'ct_sp13_10', 'HDCT358', 2, 3300000.0, 0, 1774835340000),
('hdct359', 'hd223', 'ct_sp16_1', 'HDCT359', 2, 3100000.0, 0, 1774835340000),
('hdct360', 'hd223', 'ct_sp3_1', 'HDCT360', 2, 2200000.0, 0, 1774835340000),
('hdct361', 'hd224', 'ct_sp17_5', 'HDCT361', 2, 4200000.0, 0, 1774870560000),
('hdct362', 'hd225', 'ct_sp7_2', 'HDCT362', 2, 1100000.0, 0, 1774950060000),
('hdct363', 'hd226', 'ct_sp13_10', 'HDCT363', 2, 1900000.0, 0, 1774942260000),
('hdct364', 'hd227', 'ct_sp10_5', 'HDCT364', 2, 2600000.0, 0, 1774957980000),
('hdct365', 'hd227', 'ct_sp18_3', 'HDCT365', 1, 4700000.0, 0, 1774957980000),
('hdct366', 'hd228', 'ct_sp14_5', 'HDCT366', 2, 3700000.0, 0, 1774964100000),
('hdct367', 'hd228', 'ct_sp19_6', 'HDCT367', 1, 2900000.0, 0, 1774964100000),
('hdct368', 'hd228', 'ct_sp3_1', 'HDCT368', 1, 3500000.0, 0, 1774964100000),
('hdct369', 'hd229', 'ct_sp4_5', 'HDCT369', 2, 1600000.0, 0, 1774944660000),
('hdct370', 'hd229', 'ct_sp7_10', 'HDCT370', 1, 4200000.0, 0, 1774944660000),
('hdct371', 'hd229', 'ct_sp25_4', 'HDCT371', 2, 4800000.0, 0, 1774944660000),
('hdct372', 'hd230', 'ct_sp14_5', 'HDCT372', 2, 3500000.0, 0, 1775054220000),
('hdct373', 'hd231', 'ct_sp18_5', 'HDCT373', 1, 2000000.0, 0, 1775012220000),
('hdct374', 'hd231', 'ct_sp12_5', 'HDCT374', 1, 3800000.0, 0, 1775012220000),
('hdct375', 'hd232', 'ct_sp17_2', 'HDCT375', 2, 4000000.0, 0, 1775022960000),
('hdct376', 'hd233', 'ct_sp13_4', 'HDCT376', 1, 1000000.0, 0, 1775043780000),
('hdct377', 'hd234', 'ct_sp7_10', 'HDCT377', 2, 2300000.0, 0, 1775037360000),
('hdct378', 'hd234', 'ct_sp3_4', 'HDCT378', 1, 4300000.0, 0, 1775037360000),
('hdct379', 'hd235', 'ct_sp24_6', 'HDCT379', 2, 1400000.0, 0, 1775118960000),
('hdct380', 'hd235', 'ct_sp3_10', 'HDCT380', 1, 2600000.0, 0, 1775118960000),
('hdct381', 'hd236', 'ct_sp17_10', 'HDCT381', 2, 3900000.0, 0, 1775132640000),
('hdct382', 'hd236', 'ct_sp1_8', 'HDCT382', 2, 3900000.0, 0, 1775132640000),
('hdct383', 'hd236', 'ct_sp11_5', 'HDCT383', 2, 3800000.0, 0, 1775132640000),
('hdct384', 'hd237', 'ct_sp7_2', 'HDCT384', 1, 2200000.0, 0, 1775108460000),
('hdct385', 'hd237', 'ct_sp17_7', 'HDCT385', 2, 2700000.0, 0, 1775108460000),
('hdct386', 'hd237', 'ct_sp11_2', 'HDCT386', 2, 3800000.0, 0, 1775108460000),
('hdct387', 'hd238', 'ct_sp11_2', 'HDCT387', 1, 2900000.0, 0, 1775132340000),
('hdct388', 'hd238', 'ct_sp15_4', 'HDCT388', 2, 4800000.0, 0, 1775132340000),
('hdct389', 'hd239', 'ct_sp1_9', 'HDCT389', 1, 3400000.0, 0, 1775128740000),
('hdct390', 'hd239', 'ct_sp12_1', 'HDCT390', 1, 2800000.0, 0, 1775128740000),
('hdct391', 'hd240', 'ct_sp24_1', 'HDCT391', 2, 2500000.0, 0, 1775099640000),
('hdct392', 'hd241', 'ct_sp24_9', 'HDCT392', 1, 2700000.0, 0, 1775187960000),
('hdct393', 'hd241', 'ct_sp18_2', 'HDCT393', 2, 1600000.0, 0, 1775187960000),
('hdct394', 'hd241', 'ct_sp15_3', 'HDCT394', 2, 4900000.0, 0, 1775187960000),
('hdct395', 'hd242', 'ct_sp1_1', 'HDCT395', 2, 2000000.0, 0, 1775218800000),
('hdct396', 'hd243', 'ct_sp24_1', 'HDCT396', 2, 3100000.0, 0, 1775223000000),
('hdct397', 'hd243', 'ct_sp24_1', 'HDCT397', 2, 2600000.0, 0, 1775223000000),
('hdct398', 'hd244', 'ct_sp14_6', 'HDCT398', 2, 3500000.0, 0, 1775214840000),
('hdct399', 'hd245', 'ct_sp3_3', 'HDCT399', 1, 1800000.0, 0, 1775184840000),
('hdct400', 'hd245', 'ct_sp20_1', 'HDCT400', 1, 4100000.0, 0, 1775184840000),
('hdct401', 'hd245', 'ct_sp17_5', 'HDCT401', 1, 3500000.0, 0, 1775184840000),
('hdct402', 'hd246', 'ct_sp7_10', 'HDCT402', 1, 2700000.0, 0, 1775278920000),
('hdct403', 'hd246', 'ct_sp20_1', 'HDCT403', 1, 3900000.0, 0, 1775278920000),
('hdct404', 'hd247', 'ct_sp22_8', 'HDCT404', 2, 4300000.0, 0, 1775282820000),
('hdct405', 'hd248', 'ct_sp17_9', 'HDCT405', 2, 2200000.0, 0, 1775264460000),
('hdct406', 'hd248', 'ct_sp19_10', 'HDCT406', 1, 1800000.0, 0, 1775264460000),
('hdct407', 'hd248', 'ct_sp9_9', 'HDCT407', 2, 1200000.0, 0, 1775264460000),
('hdct408', 'hd249', 'ct_sp7_6', 'HDCT408', 1, 4900000.0, 0, 1775304000000),
('hdct409', 'hd249', 'ct_sp1_1', 'HDCT409', 1, 2000000.0, 0, 1775304000000),
('hdct410', 'hd250', 'ct_sp24_6', 'HDCT410', 1, 2000000.0, 0, 1775297700000),
('hdct411', 'hd250', 'ct_sp14_5', 'HDCT411', 2, 2800000.0, 0, 1775297700000),
('hdct412', 'hd251', 'ct_sp2_2', 'HDCT412', 2, 1900000.0, 0, 1775291880000),
('hdct413', 'hd251', 'ct_sp17_2', 'HDCT413', 1, 3000000.0, 0, 1775291880000),
('hdct414', 'hd251', 'ct_sp25_8', 'HDCT414', 2, 1200000.0, 0, 1775291880000),
('hdct415', 'hd252', 'ct_sp9_3', 'HDCT415', 1, 1400000.0, 0, 1775308560000),
('hdct416', 'hd252', 'ct_sp20_1', 'HDCT416', 2, 1100000.0, 0, 1775308560000),
('hdct417', 'hd252', 'ct_sp19_6', 'HDCT417', 1, 2400000.0, 0, 1775308560000),
('hdct418', 'hd253', 'ct_sp12_1', 'HDCT418', 1, 3200000.0, 0, 1775382960000),
('hdct419', 'hd253', 'ct_sp11_5', 'HDCT419', 2, 2700000.0, 0, 1775382960000),
('hdct420', 'hd254', 'ct_sp11_4', 'HDCT420', 2, 1200000.0, 0, 1775378160000),
('hdct421', 'hd254', 'ct_sp7_2', 'HDCT421', 2, 1800000.0, 0, 1775378160000),
('hdct422', 'hd255', 'ct_sp7_2', 'HDCT422', 1, 4400000.0, 0, 1775382000000),
('hdct423', 'hd255', 'ct_sp21_9', 'HDCT423', 1, 1300000.0, 0, 1775382000000),
('hdct424', 'hd256', 'ct_sp10_2', 'HDCT424', 1, 4200000.0, 0, 1775359080000),
('hdct425', 'hd256', 'ct_sp18_6', 'HDCT425', 1, 2400000.0, 0, 1775359080000),
('hdct426', 'hd256', 'ct_sp1_1', 'HDCT426', 1, 1300000.0, 0, 1775359080000),
('hdct427', 'hd257', 'ct_sp5_6', 'HDCT427', 1, 2700000.0, 0, 1775354880000),
('hdct428', 'hd257', 'ct_sp21_6', 'HDCT428', 1, 4100000.0, 0, 1775354880000),
('hdct429', 'hd257', 'ct_sp7_6', 'HDCT429', 2, 2200000.0, 0, 1775354880000),
('hdct430', 'hd258', 'ct_sp15_4', 'HDCT430', 1, 3500000.0, 0, 1775445360000),
('hdct431', 'hd258', 'ct_sp1_9', 'HDCT431', 2, 2000000.0, 0, 1775445360000),
('hdct432', 'hd259', 'ct_sp9_8', 'HDCT432', 2, 3800000.0, 0, 1775466180000),
('hdct433', 'hd259', 'ct_sp17_5', 'HDCT433', 2, 2900000.0, 0, 1775466180000),
('hdct434', 'hd259', 'ct_sp13_4', 'HDCT434', 1, 1400000.0, 0, 1775466180000),
('hdct435', 'hd260', 'ct_sp11_10', 'HDCT435', 1, 3600000.0, 0, 1775457960000),
('hdct436', 'hd260', 'ct_sp18_3', 'HDCT436', 1, 4200000.0, 0, 1775457960000),
('hdct437', 'hd260', 'ct_sp19_10', 'HDCT437', 1, 3100000.0, 0, 1775457960000),
('hdct438', 'hd261', 'ct_sp17_10', 'HDCT438', 1, 3100000.0, 0, 1775464980000),
('hdct439', 'hd262', 'ct_sp11_4', 'HDCT439', 2, 3700000.0, 0, 1775460240000),
('hdct440', 'hd263', 'ct_sp18_2', 'HDCT440', 1, 2500000.0, 0, 1775450940000),
('hdct441', 'hd263', 'ct_sp16_5', 'HDCT441', 1, 2000000.0, 0, 1775450940000),
('hdct442', 'hd264', 'ct_sp1_9', 'HDCT442', 1, 4900000.0, 0, 1775470620000),
('hdct443', 'hd264', 'ct_sp24_1', 'HDCT443', 1, 3600000.0, 0, 1775470620000),
('hdct444', 'hd265', 'ct_sp12_5', 'HDCT444', 1, 4600000.0, 0, 1775558640000),
('hdct445', 'hd265', 'ct_sp3_1', 'HDCT445', 1, 1800000.0, 0, 1775558640000),
('hdct446', 'hd265', 'ct_sp17_9', 'HDCT446', 2, 4800000.0, 0, 1775558640000),
('hdct447', 'hd266', 'ct_sp13_4', 'HDCT447', 1, 1100000.0, 0, 1775527080000),
('hdct448', 'hd266', 'ct_sp14_4', 'HDCT448', 1, 1700000.0, 0, 1775527080000),
('hdct449', 'hd266', 'ct_sp2_1', 'HDCT449', 1, 1600000.0, 0, 1775527080000),
('hdct450', 'hd267', 'ct_sp9_7', 'HDCT450', 1, 1900000.0, 0, 1775533500000),
('hdct451', 'hd267', 'ct_sp7_10', 'HDCT451', 1, 4000000.0, 0, 1775533500000),
('hdct452', 'hd267', 'ct_sp18_4', 'HDCT452', 2, 4000000.0, 0, 1775533500000),
('hdct453', 'hd268', 'ct_sp9_7', 'HDCT453', 2, 1700000.0, 0, 1775573040000),
('hdct454', 'hd268', 'ct_sp19_9', 'HDCT454', 1, 2900000.0, 0, 1775573040000),
('hdct455', 'hd268', 'ct_sp7_6', 'HDCT455', 2, 2500000.0, 0, 1775573040000),
('hdct456', 'hd269', 'ct_sp10_4', 'HDCT456', 1, 1200000.0, 0, 1775570700000),
('hdct457', 'hd270', 'ct_sp9_3', 'HDCT457', 1, 1600000.0, 0, 1775551860000),
('hdct458', 'hd270', 'ct_sp17_7', 'HDCT458', 2, 1500000.0, 0, 1775551860000),
('hdct459', 'hd271', 'ct_sp9_3', 'HDCT459', 1, 1700000.0, 0, 1775656860000),
('hdct460', 'hd272', 'ct_sp24_6', 'HDCT460', 2, 4800000.0, 0, 1775619120000),
('hdct461', 'hd272', 'ct_sp25_4', 'HDCT461', 1, 5000000.0, 0, 1775619120000),
('hdct462', 'hd272', 'ct_sp13_10', 'HDCT462', 1, 3200000.0, 0, 1775619120000),
('hdct463', 'hd273', 'ct_sp21_3', 'HDCT463', 1, 2600000.0, 0, 1775633820000),
('hdct464', 'hd273', 'ct_sp3_8', 'HDCT464', 2, 4200000.0, 0, 1775633820000),
('hdct465', 'hd273', 'ct_sp17_7', 'HDCT465', 1, 2900000.0, 0, 1775633820000),
('hdct466', 'hd274', 'ct_sp9_8', 'HDCT466', 1, 1400000.0, 0, 1775614080000),
('hdct467', 'hd275', 'ct_sp7_10', 'HDCT467', 1, 1100000.0, 0, 1775656620000),
('hdct468', 'hd275', 'ct_sp11_10', 'HDCT468', 2, 3900000.0, 0, 1775656620000),
('hdct469', 'hd276', 'ct_sp4_5', 'HDCT469', 1, 4200000.0, 0, 1775626320000),
('hdct470', 'hd277', 'ct_sp7_2', 'HDCT470', 1, 4400000.0, 0, 1775654520000),
('hdct471', 'hd278', 'ct_sp4_5', 'HDCT471', 1, 3800000.0, 0, 1775708160000),
('hdct472', 'hd279', 'ct_sp20_9', 'HDCT472', 1, 2500000.0, 0, 1775728560000),
('hdct473', 'hd280', 'ct_sp3_4', 'HDCT473', 2, 2600000.0, 0, 1775698140000),
('hdct474', 'hd280', 'ct_sp11_2', 'HDCT474', 2, 3700000.0, 0, 1775698140000),
('hdct475', 'hd280', 'ct_sp25_9', 'HDCT475', 2, 4400000.0, 0, 1775698140000),
('hdct476', 'hd281', 'ct_sp24_1', 'HDCT476', 1, 5000000.0, 0, 1775719980000),
('hdct477', 'hd281', 'ct_sp12_9', 'HDCT477', 2, 3700000.0, 0, 1775719980000),
('hdct478', 'hd281', 'ct_sp1_2', 'HDCT478', 1, 2300000.0, 0, 1775719980000),
('hdct479', 'hd282', 'ct_sp5_1', 'HDCT479', 2, 2800000.0, 0, 1775722920000),
('hdct480', 'hd282', 'ct_sp7_2', 'HDCT480', 2, 1300000.0, 0, 1775722920000),
('hdct481', 'hd282', 'ct_sp15_3', 'HDCT481', 2, 1900000.0, 0, 1775722920000),
('hdct482', 'hd283', 'ct_sp12_1', 'HDCT482', 2, 4000000.0, 0, 1775739840000),
('hdct483', 'hd283', 'ct_sp25_4', 'HDCT483', 1, 2200000.0, 0, 1775739840000),
('hdct484', 'hd283', 'ct_sp2_1', 'HDCT484', 2, 2500000.0, 0, 1775739840000),
('hdct485', 'hd284', 'ct_sp7_10', 'HDCT485', 1, 2000000.0, 0, 1775784540000),
('hdct486', 'hd284', 'ct_sp15_3', 'HDCT486', 1, 1700000.0, 0, 1775784540000),
('hdct487', 'hd285', 'ct_sp10_1', 'HDCT487', 1, 1100000.0, 0, 1775819520000),
('hdct488', 'hd286', 'ct_sp15_3', 'HDCT488', 1, 2000000.0, 0, 1775816700000),
('hdct489', 'hd286', 'ct_sp17_5', 'HDCT489', 2, 2000000.0, 0, 1775816700000),
('hdct490', 'hd286', 'ct_sp7_10', 'HDCT490', 1, 3100000.0, 0, 1775816700000),
('hdct491', 'hd287', 'ct_sp18_8', 'HDCT491', 1, 2800000.0, 0, 1775826180000),
('hdct492', 'hd288', 'ct_sp17_2', 'HDCT492', 2, 3500000.0, 0, 1775793060000),
('hdct493', 'hd288', 'ct_sp14_6', 'HDCT493', 2, 1600000.0, 0, 1775793060000),
('hdct494', 'hd288', 'ct_sp5_6', 'HDCT494', 1, 2500000.0, 0, 1775793060000),
('hdct495', 'hd289', 'ct_sp11_2', 'HDCT495', 2, 3000000.0, 0, 1775807880000),
('hdct496', 'hd289', 'ct_sp14_5', 'HDCT496', 1, 3600000.0, 0, 1775807880000),
('hdct497', 'hd289', 'ct_sp23_7', 'HDCT497', 2, 1000000.0, 0, 1775807880000),
('hdct498', 'hd290', 'ct_sp3_3', 'HDCT498', 2, 1600000.0, 0, 1775815920000),
('hdct499', 'hd290', 'ct_sp24_6', 'HDCT499', 1, 3300000.0, 0, 1775815920000),
('hdct500', 'hd290', 'ct_sp19_10', 'HDCT500', 2, 4500000.0, 0, 1775815920000),
('hdct501', 'hd291', 'ct_sp1_2', 'HDCT501', 1, 2700000.0, 0, 1775890080000),
('hdct502', 'hd292', 'ct_sp7_2', 'HDCT502', 1, 4100000.0, 0, 1775880240000),
('hdct503', 'hd292', 'ct_sp20_10', 'HDCT503', 1, 3300000.0, 0, 1775880240000),
('hdct504', 'hd292', 'ct_sp19_6', 'HDCT504', 1, 3200000.0, 0, 1775880240000),
('hdct505', 'hd293', 'ct_sp15_4', 'HDCT505', 2, 3400000.0, 0, 1775903880000),
('hdct506', 'hd293', 'ct_sp12_9', 'HDCT506', 1, 3500000.0, 0, 1775903880000),
('hdct507', 'hd294', 'ct_sp7_2', 'HDCT507', 2, 1200000.0, 0, 1775901180000),
('hdct508', 'hd294', 'ct_sp15_6', 'HDCT508', 2, 1200000.0, 0, 1775901180000),
('hdct509', 'hd294', 'ct_sp23_3', 'HDCT509', 1, 1700000.0, 0, 1775901180000),
('hdct510', 'hd295', 'ct_sp11_2', 'HDCT510', 2, 3000000.0, 0, 1775906700000),
('hdct511', 'hd296', 'ct_sp19_6', 'HDCT511', 1, 1800000.0, 0, 1775880300000),
('hdct512', 'hd297', 'ct_sp22_9', 'HDCT512', 1, 1000000.0, 0, 1776001920000),
('hdct513', 'hd297', 'ct_sp1_8', 'HDCT513', 2, 2500000.0, 0, 1776001920000),
('hdct514', 'hd298', 'ct_sp14_5', 'HDCT514', 2, 2000000.0, 0, 1775976900000),
('hdct515', 'hd298', 'ct_sp25_8', 'HDCT515', 2, 2900000.0, 0, 1775976900000),
('hdct516', 'hd299', 'ct_sp9_9', 'HDCT516', 1, 1000000.0, 0, 1775962920000),
('hdct517', 'hd299', 'ct_sp13_4', 'HDCT517', 1, 2600000.0, 0, 1775962920000);
